term,label
palms and soles）指两手两足心发热,hot
“天行赤眼”等。 目赤肿痛常见于西医学的急性结膜炎,hot
“暴风客热”,hot
“脑渊”之称。多因外感风热邪毒,hot
一曰风助火郁于上,hot
一般将虚热进一步分为阴虚火旺和气虚火旺两种病状。,hot
一般属于热在营分,hot
一般我们讲的低热是指体温超过正常,hot
三曰燥邪伤肝。戴复庵云：目赤无非血雍肝经所致,hot
上焦生热,hot
不喜欢热食,hot
不得太息……。”肺热又称风温肺热,hot
与脾胃有密切关系。病机为湿热,hot
专治疮毒的秘方药物,hot
且一日间体温波动超过1℃以上,hot
且不伴有肿瘤和炎症,hot
个别部位干燥脱皮,hot
中医病名。小儿时期感受时行邪毒引起的肺系时行疾病,hot
中医病名。本病白睛暴发红赤,hot
中医病名。湿疮是一种由多种内外因素引起的过敏性炎症性皮肤病。以多形性皮损,hot
中医病名。痄腮是因感受风温邪毒,hot
中医称大便中带血不带脓的痢疾。痢下多血或下纯血者。即血痢。《诸病源候论·痢病诸候》：“热乘于血,hot
中度热38.1～39℃,hot
中暑是指长时间暴露在高温环境中,hot
中毒,hot
中毒性神经性麻木,hot
中毒等均可导致头痛。发病年龄常见于青年,hot
临床上即可发现黄疸,hot
临床表现为发热重,hot
丹毒（erysipelas）是一种累及真皮浅层淋巴管的感染,hot
为腋以下至第十二肋骨部的总称。可由肋骨软骨炎或肋间神经痛导致。,hot
主真火所藏,hot
主要以内分泌失调与血热,hot
久而化火,hot
久而化热,hot
也不属于炎症,hot
也是一种特殊类型的慢性喉炎。最主要的临床症状为声嘶。通过喉镜检查可以做出临床诊断。治疗方式主要为手术切除治疗。若经治疗好转后,hot
也有虚实寒热之别,hot
也称为显性黄疸。,hot
也称发热,hot
习惯性抽搐。中医认为引起抽搐的病因病机主要有热毒内盛,hot
二曰火盛,hot
五心烦热（sphoria with feverish sensation in chest,hot
五志过极化火而导致血热。亦称血分热。即血分有热。证见吐衄,hot
亦可发生中毒。,hot
亦可在慢性肠炎,hot
亦可引起胃热（胃火）。中医分为热郁胃中,hot
产后发热是指产褥期内,hot
人上火之后临床症状表现为：目赤肿痛,hot
从而导致盆腔炎性包块发生。患者常先有急性输卵管炎的临床表现,hot
以发热,hot
以致关节软骨被破坏而引起的慢性关节病。又称退化性关节炎,hot
以高热,hot
以鼻腔干燥为主要表现的鼻部疾患。西医学的干燥性鼻炎可参考本篇进行辨证施治。,hot
传染性结膜炎,hot
伤风是由风邪侵袭人体引起的常见外感热病。一年四季均可发生。尤以冬春两季为多见。临床以头痛,hot
伴意识丧失。高热惊厥分为单纯性高热惊厥和复杂性高热惊厥两种。各年龄期（除新生儿期）小儿均可发生,hot
但因种种原因常以腋温为准。若腋温超过37.4℃,hot
但在38℃以下者。引起低热的原因较多,hot
但有实火与虚火的区别,hot
但流行程度和危害性以病毒性结膜炎为重。本病全年均可发生,hot
低热,hot
低热等,hot
低热（low fever）是一种常见的症状,hot
体温中枢功能紊乱或各种原因引起的产热过多,hot
体温升高>=39℃时发生的惊厥,hot
体温超过正常,hot
使人体产生类似中毒的效应。能源耗尽学说认为,hot
便短赤是一个中医名词,hot
俗称火眼,hot
假性结膜炎以及流行性角膜炎等,hot
入里化火,hot
入黄蜡,hot
全身皮肤发黄,hot
关节炎或关节病牵涉范围非常广泛,hot
其主要的病变特征是——咽部的黏膜发炎,hot
其他器官的疾病也可引起腰痛。如泌尿系炎症或结石,hot
其寒时自寒而不觉热。与恶寒发热的寒热同时并作不同。《类证活人书》：“往来寒热者,hot
其毒液由伤口进入人体内而引起的一种急性全身性中毒性疾病。,hot
其热时自热而不觉寒,hot
其色或黄或青,hot
其色赤,hot
内有烦热的症状。这是由于热邪内伏,hot
内热进而化虚火。根据病机不同,hot
凡发热同时又有心烦,hot
出现发热持续不退,hot
出现胃部灼烧感,hot
出自《素问·刺热篇》。,hot
分别采取温补脾肾或滋养肝肾法,hot
则腋窝体温（检测10分钟）超过37℃可定为发热。,hot
则见壮热烦渴,hot
则见头痛身热,hot
初起见有身热,hot
刺激皮肉而感到疼痛：感到剧烈的烧灼样的疼痛,hot
前列腺炎,hot
动脉硬化是动脉的一种非炎症性病变,hot
助火生热,hot
劳淋六证。基本病机为湿热蕴结下焦,hot
包括炎症,hot
包括病毒性肝炎,hot
午后发热,hot
单纯性高热惊厥愈后良好,hot
即按该炎症处命名,hot
即暑热挟湿。以胸脘痞闷,hot
即火痰也。”证见烦热燥结,hot
即胃火,hot
压之无痛为临床特点。临床表现与西医学的慢性胃炎（包括浅表性胃炎和萎缩性胃炎）,hot
去腐消炎,hot
又称“风热眼”,hot
又称为发热。每个人的正常体温略有不同,hot
又称发烧。由于致热原的作用使体温调定点上移而引起的调节性体温升高（超过0.5℃）,hot
又称气阴两伤。气虚和阴虚同时并见的病理变化。常见于热性病过程中,hot
发热,hot
发热和运动受限,hot
发热恶寒等为主要证候特点。病情有轻重不同,hot
发热是多种疾病的常见症状。小儿正常体温常以肛温36.5～37.5℃,hot
发热是多种疾病的常见症状。高热(High Fever)在临床上属于危重症范畴。小儿正常体温常以肛温36.5～37.5℃,hot
发生喘咳。症见发热咳嗽,hot
发生在舌的称舌疡。可见于现代医学的口腔溃疡。疮疡皆属于火,hot
发生盆腔慢性炎症性组织学改变,hot
发瘀等的病理状态。血热多由邪热入血所致,hot
口干咽燥,hot
口干咽燥等症。,hot
口干唇燥,hot
口燥咽干,hot
口腔炎症是指口颊,hot
可分为热淋,hot
可分为细菌性结膜炎和病毒性结膜炎两类,hot
可见于多种感染性疾病和非感染性疾病。但有时体温升高不一定都是疾病引起的,hot
可认为发热。所谓低热,hot
名非哺乳期乳痈。现代医学之急性化脓性乳腺炎属于乳痈范畴。,hot
后世将外科分为疮疡与杂证两大类。疮疡多由毒邪内侵,hot
呈黄色或黄绿色。脓液是机体组织炎症过程中形成的浓稠或稀薄的渗出物,hot
咯黄稠痰或痰中带血,hot
咽喉炎以及病毒感染甚至心肌梗死均可引起咽喉痛。,hot
咽喉痒是慢性咽炎的一种症状,hot
咽或喉部急性炎症的总称。广义的上感不是一个疾病诊断,hot
咽结膜热,hot
哮喘又名支气管哮喘。支气管哮喘是由多种细胞及细胞组分参与的慢性气道炎症,hot
喉炎,hot
喜冷畏热,hot
因外感而喘咯咳唾者 《泰定养生主论》 “热痰者,hot
因感受风邪或风热怫郁而发的病证。《泰定养生主论》：“风痰者,hot
因风热客于肠胃或湿热蕴积肠胃,hot
在面部可引起疔疮走黄（西医称为败血症或脓毒败血症）,hot
均称“烦热”。多由于里热过盛,hot
增生性颈椎炎,hot
壅阻少阳经脉引起的时行疾病。以发热,hot
壮热是指病人自觉热甚,hot
复杂性高热惊厥愈后则较差。,hot
外感热邪,hot
外感风热所致。中医认为,hot
外界温度变化和过度吸烟亦可引起。呃逆频繁或持续24小时以上,hot
外痔发炎,hot
外而肿热,hot
外阴炎,hot
多兼面赤,hot
多属实火,hot
多属肺热。,hot
多数白带异常为感染或炎症引起,hot
多烦热,hot
多由于风火,hot
多由热盛伤津或阴液亏虚所致,hot
多由邪热犯胃,hot
夜热早凉是指夜间低热,hot
大于2cm者称为斑片。斑疹可以分为炎症性和非炎症性两种。有的斑疹上还会有鳞屑,hot
大便干燥多见于中老年人,hot
大便黄而黏腻,hot
大黄,hot
大黄等药煎服,hot
天行暴赤。俗称红眼病。本病见于《银海精微》。该书对本病病因及其传染流行等均有描述。多于夏秋之季发病,hot
天行赤眼,hot
天行赤眼暴翳,hot
头发干枯而黄,hot
头面噏噏而热,hot
头面烘热,hot
如上呼吸道某一局部炎症特别突出,hot
如急性鼻炎,hot
如感染性高热等。局部性多汗症常初发于儿童或青少年,hot
如滴虫性阴道炎,hot
如潮汐之有定时。午后潮热,hot
子宫内膜炎,hot
子宫内膜炎或盆腔感染,hot
子宫内膜炎等引起的经期延长。宫内节育器和输卵管结扎后引起的经期延长也按本病治疗。本病一般预后良好。,hot
子宫颈炎,hot
宜五苓散加大黄,hot
宜半黄丸。”④素有痰疾,hot
宜温气汤。痛而小便不利为湿热,hot
宜温补汤。痛而拒按为实,hot
宜用六味地黄丸加沙苑子。参见消渴条。蛔虫会引起不同程度的善饥。,hot
宜补血清热,hot
宜黄芩,hot
审因论治。特别是对功能性低热,hot
宫寒顾名思义是“子宫寒冷”的简称。在中医学的文献记载和正式的教科书及相关的中医妇科专著中并无此词条。但是“宫寒”已经成为深入人心的热词,hot
容易在体内积累毒素,hot
寒温失调等多种因素导致肝气失舒,hot
寒热往来是发热与恶寒交替出现的一种热型,hot
寒热虚实夹杂者宜通涩兼施,hot
寒痢宜温,hot
对于各种疑难疮毒,hot
导致体温升高超过正常范围的情形。每个人的正常体温略有不同,hot
小便热赤,hot
小便短赤,hot
小便赤涩,hot
小儿急性上呼吸道感染系由各种病原引起的上呼吸道炎症,hot
尤其是有皲裂或溃疡的炎症为致病菌提供了侵入的途径。轻度擦伤或搔抓,hot
就是我们平常所说的“骨毒”。“骨毒”长期存在于骨与骨膜之上形成“宿毒”。宿毒使得骨及关节周围软织反复充血,hot
尿毒症,hot
尿赤,hot
局部灼痛明显,hot
属于阴虚内热的症候,hot
属里实热证,hot
常为烧灼感,hot
常伴出汗及心悸而出现的燥热症状,hot
常温中即有蒸发。汞中毒以慢性为多见,hot
干燥,hot
干燥多风,hot
并自觉心胸烦热。多由阴虚火旺,hot
并非疾病。多见于急性肝炎时,hot
形成肉眼呈灰黄色或黄白色的浓稠状液体。其处理方法主要有：清理伤口感染,hot
心包炎,hot
心火上炎,hot
急性咽炎,hot
急性多发性神经根炎性麻木,hot
急性扁桃体炎等。急性上感主要用于上呼吸道局部感染定位并不确切者。鼻咽部感染常出现并发症,hot
急性梗阻性化脓性胆管炎等,hot
急性胃肠炎,hot
急性胆囊炎,hot
急性高热多见于感染性和变态感应性疾病,hot
急慢性支气管炎发作等呼吸系统疾病都有可能出现本病症。,hot
恶寒与发热交替发作,hot
恶寒发热,hot
恶毒疮,hot
患者常有传染病接触史。本病与西医学之急性传染性结膜炎相似。,hot
患者经常出现大便干燥,hot
感寒停湿及热迫肠胃所致。,hot
感染引起的神经炎性麻木,hot
慢性咽炎,hot
慢性肾炎,hot
慢性胃炎,hot
慢性胆囊炎,hot
慢性胆管炎,hot
或一日之间体温相差在1℃以上,hot
或低热持续,hot
或因风热怫郁而然也。此皆素抱痰疾者,hot
或在炎热环境中进行体力活动引起机体体温调节功能紊乱所致的一组临床症候群,hot
或外感风热,hot
或干燥,hot
或恶热,hot
或温热病后期及内伤杂病,hot
或渴喜热饮,hot
或湿热,hot
或烦躁而有闷热的感觉,hot
或热病后期阴液尚未恢复,hot
或热盛耗伤津液,hot
或病后余热留恋,hot
或病后虚热不清及火热内郁所致。是虚损劳瘵等病的常见症之一。治宜滋阴降火,hot
或痰火暴亢,hot
或突然高热寒战,hot
或经血的突然增加。临床上以出血时间与基础体温（BBT）曲线对照,hot
或胃腑湿热上蒸鼻窍所致的,hot
或胆经炎热,hot
或脾胃湿热,hot
或自觉有热感,hot
或见赤白相兼,hot
或赤白兼下,hot
或近火取暖,hot
或邪毒,hot
或阴虚火旺,hot
所生病证之一。又为劳倦内伤及五心烦热的症状之一,hot
扁桃体炎,hot
手心热,hot
指上焦心肺之热,hot
指大便干燥。多由胃肠燥热,hot
指炎症的一般症状。即损伤或炎症导致的身体某部位组织的肿胀及疼痛,hot
指热病过程中发于肌表的斑和疹两种证候。见《伤寒九十论·发斑证》。斑和疹虽系两证,hot
指疼痛有灼热之感,hot
指腋温为37.5℃38,hot
指腋温为37.5℃～38℃,hot
损害破裂而排出脓性黄白色汁液坏死物,hot
摄入很热或冷的食物饮料,hot
支气管扩张是由于支气管及其周围肺组织慢性化脓性炎症和纤维化,hot
支气管黏膜或胸膜受炎症,hot
故为赤痢。,hot
故云热痰也。”②火痰 《杂病源流犀烛·痰饮源流》 “热痰,hot
故令身体虚热,hot
故又称非毒性甲状腺肿,hot
故见小便赤涩。,hot
故黄疸患者巩膜黄染常先于黏膜,hot
散热减少,hot
无菌性炎症,hot
易并发肺炎,hot
是一病证名。在《诸病源候论·病热候》中有记载。多因内伤劳损所致,hot
是一种毒疮。痈发于肌肉,hot
是一种特殊类型的慢性喉炎,hot
是一种证名。指全身发热的症象。,hot
是以痢下赤白脓血,hot
是各种消化道疾病常见的症状之一。尤其是反流性食管炎,hot
是指人体被毒蛇咬伤,hot
是指外感热邪入血中,hot
是指按时发热,hot
是指每日午后发热。本病属里证,hot
是指致热原直接作用于体温调节中枢,hot
是机体组织炎症过程中形成的浓稠或稀薄的混和物,hot
是热淋之甚者,hot
是热病后余毒结于颐颌间引起的急性化脓性疾病。临床特点是常发生于热病后期,hot
是颈椎骨关节炎,hot
普遍的临床症状均可表现关节疼痛（arthralgia）。任何原因导致的关节炎,hot
最好是和自己平时同样条件下的体温相比较。如不知自己原来的体温,hot
最常见于发热性疾病,hot
最常见的原因包括鼻炎,hot
月经等因素的影响。一般认为当口腔温度高于37.5 ℃,hot
月经等）的影响。因此判定是否发热,hot
服抗炎药可缓解的症状。症状包括下腹部疼痛,hot
某些妇女疾病（盆腔炎,hot
某些情况可有生理性体温升高,hot
根尖周炎,hot
此种炎症常伴随引起气道反应性增高,hot
气郁化火而寻致胃阴耗伤。其主要临床表现是：胃部隐痛,hot
沙眼是由沙眼衣原体引起的一种慢性传染性结膜角膜炎,hot
沙石淋。多因下焦积热,hot
治宜滋阴降火。是慢性咽炎的症状之一,hot
治疗用滋阴清热法,hot
法当凉血。血热亦是小儿发热证型之一,hot
洗涤用品碱性强等都是导致皮肤干燥的重要原因。预防措施为加强皮肤的日常护理保养,hot
洗澡水过热,hot
测其体温39℃以上者,hot
消毒或去医院处理。,hot
清利湿热,hot
清热养阴,hot
清热导痰汤。③痰热聚于心者 《杂病源流犀烛·痰饮源流》 “在心曰热痰,hot
温毒症状之一。由於温热之毒内蕴肺胃,hot
温清并用。对具传染性的细菌性痢疾和阿米巴痢疾,hot
温肾,hot
湿热,hot
湿热下注是一个中医的术语。中医认为,hot
湿热下注等伤肾气不能固摄而病,hot
湿热之邪,hot
湿热痢重症。多因湿浊热毒蕴结肠中,hot
湿热等邪气痹阻腰膝所致。,hot
湿热蕴结于下焦,hot
湿热阻于肾与膀胱,hot
湿疹是由多种内外因素引起的瘙痒剧烈的一种皮肤炎症反应。分急性,hot
溃面有糜烂的现象。中医认为由脾胃积热,hot
潮热,hot
潮热又名潮红,hot
火“六淫”侵袭,hot
火痰,hot
火邪上炎和火热下迫等。,hot
灼热,hot
灼热感,hot
灼痛,hot
炎症,hot
炎症性白带,hot
炎症过程中细胞,hot
烧灼,hot
热,hot
热争则咳喘,hot
热在气分,hot
热壅,hot
热客膀胱,hot
热毒,hot
热毒较轻,hot
热气与痰水相搏,hot
热泻是指因热迫大肠所引起。亦名“火泻”。,hot
热病伤阴,hot
热痢,hot
热痢宜清,hot
热等邪气乘虚而入,hot
燥,hot
燥咳是病名。是因肺虚液少或燥邪伤肺所致的咳嗽。其证咳嗽痰少,hot
燥脾,hot
牙髓炎,hot
牙龈下的炎症通过牙缝,hot
牙龈（gingiva）是指覆盖于牙槽突表面和牙颈部周围的口腔黏膜上皮及其下方的结缔组织。牙龈肿痛主要是牙龈有炎症而表现出的一种症状,hot
玉女煎或泻黄散去防风加生地方。如属消渴病之善饥,hot
环境温度及湿度变化时加重,hot
甚则口燥,hot
甚至不能发出声音的症状。祖国医学称“暴喑”。多由风寒或风热火毒等邪犯喉,hot
甚至关节肿大灼热为主要临床表现。属于中医学“痹证”的范畴,hot
甚至关节肿大灼热为主要临床表现的病证。,hot
甚至昏厥的病症。多见于患有慢性支气管炎,hot
甚至每个小时都出现。天气和环境温度可加重潮热的发作。中医一般认为病机为阴虚,hot
甚至溃疡久不愈合。多由心脾积热,hot
用温胆汤,hot
用火郁汤加减。亦可选用知柏地黄丸,hot
由于风燥异气内犯肺鼻,hot
由炎性病变形成。最主要的临床症状为声嘶。通过喉镜检查可以进行临床诊断。治疗包括适当声带休息,hot
留滞生热,hot
疫毒,hot
疮毒等症。”孙氏疮毒中药膏是祖传百年,hot
疱疹性咽峡炎,hot
病名。由肠胃酝热所致的痢疾。证见里急后重,hot
病名绞肠痧。”治宜祛秽泄毒为大法。十指青冷者,hot
病机有寒热虚实之分。咳喘与痰密切相关,hot
病毒性咽炎,hot
病状名。指面部呈现枯萎晦黄的病色。多因脾胃虚弱,hot
病理性白带的性状都有很大的不同。病理性白带可分为非炎症性白带,hot
病症名。多为胞内有实热,hot
病证名。指痰热壅阻于肺,hot
症名。两手掌心有发热感觉。一名掌中热。手三阴经是动,hot
症名。即舌体及舌苔干燥,hot
痛如火燎的急性疱疹性皮肤病,hot
痢下赤色,hot
痤疮是毛囊皮脂腺单位的一种慢性炎症性皮肤病,hot
痰水与热相搏之病证,hot
痰热聚于心,hot
痰热阻肺,hot
痰色亦黄。治宜清热化痰,hot
痰証的一种。见《医学入门》卷五。又名气痰。多由肺燥所致。症见痰少色白,hot
痰黏或黄,hot
白睛溢血等。古代医家认为目赤有三,hot
皮肤及其他组织被染成黄色。因巩膜含有较多的弹性硬蛋白,hot
皮肤干燥以及中枢神经系统症状为特征。,hot
皮肤干燥是指皮肤缺乏水分令人感觉不适的现象。其症状主要为皮肤发紧,hot
皮色苍黄,hot
盆腔炎,hot
盆腔炎性包块为女性盆腔脏器的炎症未得到正规治疗,hot
盆腔炎症,hot
目珠每遇明亮温暖场所,hot
目赤,hot
目赤是指眼结膜充血,hot
目赤肿痛(swelling and pain of eye)为多种眼部疾患中的一个急性症状。古代文献根据发病原因,hot
眦角性睑缘炎。,hot
眼白红赤,hot
睑弦赤烂,hot
称为“带下病”。本病可见于现代医学的阴道炎,hot
称为月经延长。本病相当于西医学排卵型功能失调性子宫出血病的黄体萎缩不全者,hot
称隐性黄疸或亚临床黄疸,hot
类风湿性关节炎。,hot
精囊炎,hot
素有痰疾因外感而喘咯咳唾。①痰水与热邪相搏所致的病证 《诸病源候论·痰饮诸病候》 “热痰者,hot
紫暗的为热毒重,hot
红为热像,hot
组织被灼所致。,hot
细菌性咽-扁桃体炎。狭义的上感又称普通感冒,hot
结膜炎也可以引起畏光,hot
结膜炎时大都有不同程度的畏光流泪。多见于角膜异物,hot
羞明就是怕见亮光：眼睛因患角膜炎,hot
老年性阴道炎,hot
而且喜冷恶热。常因火邪窜络,hot
而肉眼看不出黄疸时,hot
而肠道炎症,hot
而长期高热可见于败血症,hot
肌肤枯燥。,hot
肛温比腋温约高0.5℃左右。肛温虽比腋温准确,hot
肛温比腋温约高0.5℃左右。若腋温超过37.4℃,hot
肝火或阴虚火旺所致。常见于中医学的暴风客热,hot
肝火犯肺,hot
肝炎等。,hot
肝胆之火,hot
肢体失于温煦而致者,hot
肺气失和所致。治以疏风清热为主。,hot
肺气失和所致。症状表现为发热重,hot
肺炎,hot
肺炎喘嗽等。多见于西医的肺部急性炎症病变。,hot
肺热之名出自《素问·刺热篇》：“肺热病者,hot
肺热咳嗽属于温病学。现代医学中的呼吸道感染,hot
肺热咳嗽是由于肺内郁热,hot
肺痈是指由于热毒瘀结于肺,hot
肺部有炎症。临床常伴有咳嗽,hot
肾与膀胱气化不利。病理因素为湿热。病位在肾与膀胱。辨证时首辨淋证类别,hot
肾小球肾炎,hot
肾盂肾炎等。治疗尿痛首先要控制急性感染,hot
肾脏本是水火之脏,hot
胃热是一种中医病症,hot
胃肠实热而引起。,hot
胆失通降所引起的以右胁胀痛为主要临床表现的一种疾病。胆胀为肝胆系病证中常见的疾病。其临床表现与西医学所称的慢性胆囊炎,hot
胆蕴热上薰鼻窍等所致,hot
胰腺炎等。,hot
胸中热,hot
胸部刺痛多见于急性肋软骨炎,hot
能迅速传染并引起广泛流行。故称天行赤眼。又名天行赤热,hot
脉滑数。治宜清热化痰,hot
脑炎等疾病,hot
腋温36～37℃衡量。通常情况下,hot
腋温比口温（舌下）低0.2～0.5℃,hot
腋窝温度高于37℃,hot
腰部神经根炎和某些腹部疾病皆可出现腰痛,hot
膀胱炎,hot
自觉发热,hot
至翌日清晨则热退身凉的表现。温病后期气阴耗伤,hot
舌上黄,hot
舌红苔黄等热盛之症。,hot
舌红苔黄腻,hot
舌苔黄腻为主证。多发生于夏令季节,hot
舌苔黄腻等。,hot
色白带黄,hot
苔微黄,hot
苔薄白微黄。风热感冒多见于夏秋季,hot
苔黄腻等。治疗可选用清热,hot
茯苓补心汤等方。火郁而宜升发者,hot
药物中毒,hot
营血虚热致白发,hot
蒸灼鼻窍,hot
蒸达于外所致。常见于外感温热病气分阶段,hot
虚弱而生内热,hot
虚火上扰,hot
虚火上浮而致,hot
虚烦是因虚而致心胸烦热者。由伤寒汗,hot
虚热,hot
虹膜炎,hot
虹膜炎等而怕见光的症状,hot
血热（heat in blood）,hot
衄血等。是风热之邪犯表,hot
表现为下腹部的隐痛和钝痛。炎性包块盆腔炎腹痛在月经期也会加重,hot
角膜炎及角膜外伤,hot
解毒,hot
认为由细菌或病毒感染,hot
证名。小便颜色较正常黄,hot
证名。指易有饥饿感。见《素问·至真要大论》。病因以胃热较为常见。治宜清胃,hot
证名。脐下部胀满。多见于以下几种情况。如伤寒发热,hot
证名。自觉头部胀重不适。外感内伤均可引起。外感多因湿热郁蒸所致。,hot
说明心有火。首先是清淡饮食,hot
诸疮毒肿。 明 李时珍 《本草纲目·虫二·蝎》：“诸疮毒肿。全蝎七枚,hot
赤痢,hot
超高热则为40℃以上。发热时间超过两周为长期发热。,hot
超高热则为41℃以上。发热时间超过两周为长期发热。,hot
身热,hot
身热腹痛,hot
身热面赤,hot
身热（The body is hot）,hot
进入高温环境或热水浴等均可使体温较平时略高,hot
选用败毒散等方。参见痧,hot
透皮入骨致病而形成“六毒”,hot
逐瘀泻热。,hot
邪毒亢盛,hot
邪热乘虚客于胸中,hot
邪热循经上蒸,hot
邪热灼血,hot
里急后重为临床特征。主要病因是外感时邪疫毒,hot
重者可发生内陷。类似于西医学化脓性腮腺炎。,hot
重者痛如刀割。尿痛常见于尿道炎,hot
铅中毒等也均会引起脸色苍白。面色苍白需查找原发疾病,hot
阳热不足的病理现象。阳气有温暖肢体,hot
阳热内盛,hot
阳痿多因命门火衰或心脾受损或恐惧伤肾所致。,hot
阴不足则先热后寒。”其病机是邪入半表半里,hot
阴津亏虚则夜热。,hot
阴茎和趾间的裂隙。皮肤的任何炎症,hot
阴虚火旺,hot
阴道炎,hot
阴阳相胜也。阳不足则先寒后热,hot
降火豁痰以治其标。同时,hot
除非局部晚期乳腺癌或炎性乳腺癌。乳房疼痛多来自非肿瘤性的乳房良性疾病。可以说乳房疼痛与乳房疾病的良恶性及疾病严重程度不成正比。,hot
随即发热,hot
震颤为主要症状。大剂量汞蒸气吸入或汞化合物摄入即发生急性汞中毒。对汞过敏者,hot
霉菌性阴道炎,hot
面神经炎俗称面神经麻痹（即面神经瘫痪）,hot
面色萎黄,hot
面黄发枯,hot
面黄肌瘦,hot
颜色深黄（甚至带有红色）。,hot
风和热相结合的病邪,hot
风毒窜络,hot
风湿热,hot
风热,hot
风热感冒(common cold with wind-heat syndrome)是风热之邪犯表,hot
风热感冒是感受风热之邪所致的表证。,hot
骨关节炎及肥大性关节炎等。,hot
高热39.1～40℃,hot
高热不退是指体温超过39.1℃。高热分为急性高热和长期高热,hot
高热惊厥是指小儿在呼吸道感染或其他感染性疾病早期,hot
鳞屑损害为主要表现的慢性复发性炎症性皮肤病。,hot
黄疸是常见症状与体征,hot
黄连解毒汤等等加减治疗。,hot
黑色的为热毒极重。类於暴发型流行性脑脊髓膜炎,hot
鼻塞黄涕,hot
鼻窦炎,hot
鼻部干燥,hot
齿龈炎,hot
“寒”在中医中还指病理产物之寒积聚在人体经脉脏腑中,cold
“寒气客于胃,cold
“流秽物”。造成白带异常,cold
不清洁的脐带结扎,cold
不象微脉那样模糊不清按：脉来沉细如丝,cold
中医病名。婴儿白天能安静入睡,cold
中医病名。本病白睛暴发红赤,cold
中医病症名。出《伤寒论•辨厥阴病脉证并治》。三阴头痛之一。《兰室秘藏•头痛门》：“厥阴头项痛,cold
中医病症名。指因痰盛气闭而引起四肢厥冷,cold
中医病证名。多由外感寒邪,cold
中医症状名。凡患者自觉怕冷,cold
临床上常以血红蛋白（Hb）浓度来代替。我国血液病学家认为在我国海平面地区,cold
为冷结在膀胱关元,cold
也可能是疾病的一种表现。目前发生的机制不是完全清楚,cold
也就是病理性白带的原因很多,cold
也有虚实寒热之别,cold
也有说是性欲减退。性冷淡与性快感缺乏是两个不同的概念,cold
亦为厥阴头痛之证候特色（见陆定圃《冷庐医话•头痛》）。以巅顶,cold
仍感寒冷不能缓解的,cold
以其两寒相感,cold
以初起恶寒,cold
以痰质清稀色白的痰为特征。如由外感风寒而致病的,cold
以神清者为佳。,cold
但白天如常的一种病证。,cold
体感受寒邪。《灵枢·邪气脏腑病形》：“形寒寒饮则伤肺,cold
便白如胶冻,cold
便质稀薄,cold
先有 恶寒,cold
其发生是由于胆红素代谢障碍而引起血清内胆红素浓度升高所致。临床上表现为巩膜,cold
其寒时自寒而不觉热。与恶寒发热的寒热同时并作不同。《类证活人书》：“往来寒热者,cold
其热时自热而不觉寒,cold
其质或稠或稀的表现。,cold
冒冷汗,cold
冷汗,cold
则出现恶寒肢冷,cold
半夏白术天麻汤,cold
即手足发凉冷。又称四逆,cold
即由于外来之寒邪或者是人体脾肾阳虚所生之内寒停滞在女性胞宫,cold
即称为消瘦。体内脂肪与蛋白质减少,cold
即贪凉涉水,cold
即边界清楚,cold
厥冷,cold
又犯大寒,cold
又称“下白物”,cold
发热恶寒等为主要证候特点。病情有轻重不同,cold
受大自然寒邪侵袭,cold
受寒,cold
可伴恶风寒。,cold
可选用清骨散,cold
同时可伴腰痛发凉,cold
同时增加胃蛋白酶的活性,cold
吐清水,cold
呈黄色或黄绿色。脓液是机体组织炎症过程中形成的浓稠或稀薄的渗出物,cold
咳吐清稀,cold
咳嗽喘促等。治以清肺,cold
咳嗽声音清脆,cold
咳嗽等症状。由脾肾虚寒引起的,cold
咽喉部出现白色腐膜,cold
喜冷畏热,cold
喜暖畏寒,cold
四肢厥冷,cold
四肢清冷,cold
因寒,cold
因过食寒凉,cold
困倦。出自清·李宝嘉《官场现形记》第三十六回。又指劳累,cold
在《伤寒论》名曰中风（亦称桂枝汤证）,cold
坏死的白细胞,cold
复感风寒外邪,cold
外阴白色病变等出现以阴痒为主证时,cold
多因受寒,cold
多属外感风寒,cold
多数白带异常为感染或炎症引起,cold
多见于阳虚虚寒的病人,cold
夜热早凉是指夜间低热,cold
大便溏泄清稀,cold
大便稀臭,cold
大便稀薄,cold
大便稀薄等症状。治疗根据引起纳差的病因病机辨证施治。,cold
大便色灰白如陶土,cold
大致涉及因感受风寒引起发作的偏头痛,cold
失音（aphonia ）是指神清而声音嘶哑,cold
如内蕴暑湿而外感风寒,cold
如白内障,cold
如白血病,cold
妇女阴道分泌物色白,cold
它多发于一年中的寒冷季节,cold
宜补血清热,cold
宫寒顾名思义是“子宫寒冷”的简称。在中医学的文献记载和正式的教科书及相关的中医妇科专著中并无此词条。但是“宫寒”已经成为深入人心的热词,cold
宫颈及子宫内膜腺体分泌物等混合形成白带。正常白带呈白色黏液状或蛋清样,cold
宫颈癌等其他疾病引起。临床表现常见白带增多,cold
容易出现虚寒的征象。常见的有胃阳虚,cold
寒,cold
寒温失调等多种因素导致肝气失舒,cold
寒湿下注,cold
寒湿结于肠腑,cold
寒热往来是发热与恶寒交替出现的一种热型,cold
寒热虚实夹杂者宜通涩兼施,cold
寒疝是一种急性腹痛的病症。见《金匮要略》。由脾胃虚寒,cold
寒痢宜温,cold
寒邪侵入太阳经络,cold
小便清长,cold
小便清长是指小便的次数和每次的量增多,cold
小腹击急。指寒邪侵於厥阴经的痛证。症见阴囊冷痛肿硬,cold
尿液浑浊不清的表现。,cold
局限性边界清楚的大片或小片损害,cold
属祖国医学“虚劳”范畴。中医治疗白细胞减少症采用益气养血,cold
广义的“宫寒”,cold
异物刺激性白带,cold
形寒肢冷等。,cold
形成肉眼呈灰黄色或黄白色的浓稠状液体。其处理方法主要有：清理伤口感染,cold
必伴有恶寒,cold
性冷淡又分两种类型：有性感缺乏,cold
性冷淡是指性欲缺乏,cold
性冷淡综合征。,cold
性冷淡综合征和无性感缺乏,cold
总因“寒气客于肠胃,cold
恶寒,cold
恶寒与发热交替发作,cold
恶寒发热,cold
恶寒无汗,cold
恶寒较轻,cold
恶风寒,cold
感受寒邪,cold
感寒停湿及热迫肠胃所致。,cold
或产时感受外寒而气血凝滞所致,cold
或兼见面白色枯,cold
或寒湿,cold
或病后虚热不清及火热内郁所致。是虚损劳瘵等病的常见症之一。治宜滋阴降火,cold
或突然高热寒战,cold
或红白相 杂如鱼脑,cold
或脾胃虚寒不能运化水谷,cold
或见赤白相兼,cold
或赤白兼下,cold
或风寒侵袭,cold
手脚凉,cold
手足厥冷,cold
手足厥冷。,cold
指伤口或疮口表面上由血小板和纤维蛋白凝结而成的块状物,cold
指周围白细胞计数持续下降所引起的一组症状。典型表现为头晕,cold
指正气虚而兼有内寒的症候。表面为食欲不振,cold
指热病过程中发于肌表的斑和疹两种证候。见《伤寒九十论·发斑证》。斑和疹虽系两证,cold
"指背部自觉冷凉感而言。本症 《伤寒论》 称 ""背恶寒"" 。《金匮要略》 名 ""背寒冷"" 。《河间六书·强痛恶 寒》 篇称 ""背怯qie冷""",cold
损害破裂而排出脓性黄白色汁液坏死物,cold
排尿困难及小便完全闭寒不通。出《伤寒论·辨太阳病脉证并治》。,cold
摄入很热或冷的食物饮料,cold
故“恶寒”常为临床诊断和鉴别外感表证的重要指征。,cold
故伤寒论,cold
斑疹伤寒等急性传染病 。,cold
无法正常运化水湿而使寒凉之气停滞在人体经脉脏腑中,cold
早泄多因清脂失调或房事过度,cold
是一种外有寒战,cold
是以痢下赤白脓血,cold
是指疼痛有冷感而喜暖。常见于腰脊,cold
是机体组织炎症过程中形成的浓稠或稀薄的混和物,cold
有寒,cold
有时在睑结膜表面形成一层灰白色假膜,cold
有肥白气虚多痰人,cold
机制不清,cold
查清病因,cold
正常成人白天排尿4～6次,cold
汞为银白色的液态金属,cold
治宜青州白圆子。,cold
治疗用滋阴清热法,cold
法当凉血。血热亦是小儿发热证型之一,cold
清凉,cold
清利湿热,cold
清晨醒来之前最低。胃液中的胃酸（0.2%～0.4%的盐酸）,cold
清水样鼻涕,cold
清热养阴,cold
清热导痰汤。③痰热聚于心者 《杂病源流犀烛·痰饮源流》 “在心曰热痰,cold
清稀的称为饮。痰不仅是指咳吐出来有形可见的痰液,cold
清稀黏液自口角流岀,cold
清肝理脾等法,cold
清醒状态下遗精则为滑精。中医认为是一种疾病,cold
清骨散,cold
温清并用。对具传染性的细菌性痢疾和阿米巴痢疾,cold
溃后脓液稀如痰,cold
炎症性白带,cold
烦渴饮冷,cold
热痢宜清,cold
狭义则专指白带的量色质气味发生异常的疾病。正常白带由前庭大腺分泌物,cold
甚则全身发冷. 四肢脉木,cold
甚或寒战,cold
甚或纯白无红色的舌质称为舌淡。舌淡在内伤杂病中较为多见,cold
甚至不能发出声音的症状。祖国医学称“暴喑”。多由风寒或风热火毒等邪犯喉,cold
甚至便稀如水样,cold
甚至清醒时精液流出者,cold
甚至清醒时精液自动滑出的病症。,cold
甚至清醒时精液自动滑出的病症。滑精是遗精的一种,cold
用半夏白术天麻汤,cold
用抵当汤。腹满手足厥冷,cold
用清气化痰丸,cold
由眼珠眦角横贯白睛,cold
男子因真阳不足而引起精气清冷,cold
畏寒多是身体受到外在寒邪侵袭,cold
病名。指产后分泌乳汁少。见清·许廷哲《保产要旨》。即缺乳。,cold
病名绞肠痧。”治宜祛秽泄毒为大法。十指青冷者,cold
病机有寒热虚实之分。咳喘与痰密切相关,cold
病理性白带的性状都有很大的不同。病理性白带可分为非炎症性白带,cold
病症名。指泄泻时所泻之物清稀,cold
病证名。泻下稀水,cold
病证名。胸部胀满不适。因风寒,cold
病证名。见于《伤寒明理论》。即指神识丧失,cold
痰白滑而易于咳出,cold
痰色亦黄。治宜清热化痰,cold
痰証的一种。见《医学入门》卷五。又名气痰。多由肺燥所致。症见痰少色白,cold
白发指头发全部或部分变白白发分有老年白发和少白发,cold
白喉,cold
白带应该是透明发亮,cold
白带是女性正常情况下由阴道粘膜渗出物,cold
白睛溢血等。古代医家认为目赤有三,cold
白线疝,cold
白色稀糊状或蛋清样,cold
白芍,cold
白附子丸等方。如见眩晕闷乱,cold
皮肤出现白色点,cold
皮肤及其他组织被染成黄色。因巩膜含有较多的弹性硬蛋白,cold
皮肤而首先被察觉。当血清总胆红素在17.1～34.2μmol,cold
真武汤。若手足厥冷,cold
眼白红赤,cold
眼花（dazzle）指看东西模糊不清,cold
神志不清,cold
神志不清。有时伴有口吐白沫或嘴角牵动,cold
神志不清的表现,cold
神志不清（unconsciousness）指神志昏蒙,cold
称为恶寒。中医中有“有一分恶寒便有一分表证”的说法,cold
称为生理性白带。与生理性白带相比较,cold
称生理性白带。白带的量明显增多,cold
粪便稀溏,cold
粪质稀薄,cold
系指在排尿后或排尿时从尿道口滴出白色浊物,cold
组织在细菌和中性粒细胞释放的蛋白溶解酶的作用下发生液化坏死,cold
而与接触冷空气,cold
而且喜冷恶热。常因火邪窜络,cold
而且质地清稀,cold
肝经虚寒,cold
肝郁气滞致白发。,cold
肢体酸白细胞减少症白细胞减少症软,cold
肢冷汗出,cold
肺气失和所致。治以疏风清热为主。,cold
肾阳虚等。阳虚主证为畏寒肢冷,cold
肿块边界不清,cold
背冷,cold
能清除呼吸道中的异物或痰,cold
脉滑数。治宜清热化痰,cold
脘腹及四肢关节等处。因寒邪阻络所致,cold
自觉膝关节局部寒冷疼痛,cold
至翌日清晨则热退身凉的表现。温病后期气阴耗伤,cold
舌淡白等。,cold
舌淡苔白。总的治疗原则为健运脾气,cold
舌苔白腻,cold
舌苔白腻等。,cold
色白,cold
色白带黄,cold
色红或白,cold
苔白滑,cold
苔薄白微黄。风热感冒多见于夏秋季,cold
苔黄腻等。治疗可选用清热,cold
萆解分清饮,cold
营血虚热致白发,cold
虚烦是因虚而致心胸烦热者。由伤寒汗,cold
虚脱是以面色苍白,cold
视物模糊不清的表现,cold
角膜边缘可有灰白色浸润点,cold
言语不清的表现。,cold
证名。指易有饥饿感。见《素问·至真要大论》。病因以胃热较为常见。治宜清胃,cold
证名。脐下部胀满。多见于以下几种情况。如伤寒发热,cold
说明心有火。首先是清淡饮食,cold
贪食寒凉食物等都可招致外来之“寒”侵入人体,cold
边界不清,cold
边缘不清,cold
这种寒多为“实寒”。另一方面,cold
这种寒多为“虚寒”。所以,cold
这种病理产物的寒可由人体脾肾阳虚,cold
这类患者常有明显的感受风寒的病史。风寒头痛多发于吹风受寒之后,cold
这里的“宫”理解为“胞宫”会有助于更好地理解宫寒的含义和所指的疾病。“寒”在中医中首先是一个常见的致病原因,cold
适宜于食用皮肤的角质蛋白。疥虫的躯干的后半部有几对杆状的刚毛和长鬃。疥虫往往是夜行昼伏,cold
选用参苓白术散,cold
通常伴随声音。咳嗽具有清除呼吸道异物和分泌物的保护性作用。但如果咳嗽不停,cold
铅中毒等也均会引起脸色苍白。面色苍白需查找原发疾病,cold
闭塞清阳所致眩晕。见《医学正传·眩运》。《杂病源流犀烛·头痛源流》：“风痰闭壅眩晕,cold
阳气不足则早凉,cold
阴不足则先热后寒。”其病机是邪入半表半里,cold
阴道流血。平时病人可有白带增多,cold
阴阳相胜也。阳不足则先寒后热,cold
面色泛白而没有血色的表现,cold
面色苍白,cold
面色苍白或青灰,cold
面色苍白（pale complexion）是由于脸部毛细血管充盈不足引起,cold
项强指头部后项的肌肉筋脉牵引不舒的症状。一般是由于外感风寒,cold
须发早白是一种疾病。在中医学则认为发须早白主要有以下列三种主要原因：肾阴亏损致白发,cold
颜色比例红少白多,cold
风冷乘之而痛者,cold
鼻流清涕如水样,cold
1年内有发作的活动性癫痫患病率为4.6‰。据此估计中国约有900万左右的癫痫患者,internal
palms and soles）指两手两足心发热,internal
“天行赤眼”等。 目赤肿痛常见于西医学的急性结膜炎,internal
“寒”在中医中还指病理产物之寒积聚在人体经脉脏腑中,internal
“寒气客于胃,internal
“心律不齐”指的是心跳或快或慢,internal
“纳差”意指食量减少。在中医范畴中归属于脾胃病,internal
“胃痛”,internal
“阻病”。多因脾胃虚弱或肝胃不和导致冲气上逆,internal
……痰在咽喉,internal
《内外伤辨惑论》有记载。,internal
一些20～30岁的年轻人也出现心肌缺血的表现。,internal
一般会在短时间内消除,internal
七情内伤,internal
三曰燥邪伤肝。戴复庵云：目赤无非血雍肝经所致,internal
上下分消导痰汤,internal
上段空肠以及胰管和胆管的出血。十二指肠悬韧带以下的肠道出血统称为下消化道出血。随着内镜技术的发展,internal
下注膀胱,internal
不得太息……。”肺热又称风温肺热,internal
不易排出的表现。干咳是临床肺部疾病常见症状之一,internal
不易睁开。有的病人结膜上出现小出血点或出血斑,internal
不清洁的脐带结扎,internal
不省人事为特征的内科急症。,internal
不结胸,internal
不能支持心脏正常工作的一种病理状态。心脏活动所需要的能量几乎完全靠有氧代谢提供,internal
不能濡养脏腑,internal
与内分泌功能紊乱密切相关。本病好发于中年妇女,internal
与督脉会于巅,internal
与肝病的严重程度相一致。,internal
与肝胆脾胃关系密切。癫病以精神抑郁,internal
与肝脾相关,internal
与胆红素有较强的亲和力,internal
与脾胃有密切关系。病机为湿热,internal
且以偏肥胖体型为多见。当今胆胀的发病率呈上升趋势其原因可能与人们饮食结构的变化有关。中医药治疗本病效果较好,internal
且在一段时间内广泛流行,internal
两者多互为因果关系。胆道感染发病率占急腹症第2位,internal
严重的心肺疾患以及真性红细胞增多症。,internal
严重者心痛彻背,internal
中医内伤病因之一,internal
中医病名。小儿时期感受时行邪毒引起的肺系时行疾病,internal
中医病名。湿疮是一种由多种内外因素引起的过敏性炎症性皮肤病。以多形性皮损,internal
中医病症名。指因痰盛气闭而引起四肢厥冷,internal
中医病症名。指由气管积痰而引起的呼吸不畅,internal
中医称为脾胃虚弱,internal
中医认为是以脏腑阴虚为主因,internal
为中医名词术语。泛指因脾气虚损引起的一系列脾脏生理功能失常的病理现象及病证。包括脾气虚,internal
为冷结在膀胱关元,internal
为肝血虚,internal
为肺病常见症状之一,internal
为胃中之浊气上逆,internal
主要以内分泌失调与血热,internal
主要症状是胃脘痞闷,internal
久则及肾。基本病机为肝脾肾受损,internal
久嗽成劳或劳极伤肺所致的咳嗽,internal
久病多虚中夹实或虚证。深圳胃肠专家陈春莲说治当分别情况,internal
久连脑痛。”《张氏医通·诸痛门》：“痰厥头痛,internal
也包括一些内脏损伤。在此主要以软组织损伤为主。,internal
也包括胃蠕动不好的胃轻瘫和食道反流病。消化不良主要分为功能性消化不良和器质性消化不良。功能性消化不良属中医的“脘痞”,internal
也可以是支气管扩张的咯血。吐血主要来自胃的病变,internal
也可指中医学的“胞宫”,internal
也可由于情志郁结,internal
也就是常说的“心慌”。它可以是疾病的征兆,internal
也就是通常所说的心悸,internal
也是促使患者就诊的原因。腹痛多由腹内组织或器官受到某种强烈刺激或损伤所致,internal
也是疑难急重病证。相当于西医病名无排卵性功能性子宫出血。,internal
也有部分由于宫内节育器,internal
习惯性抽搐。中医认为引起抽搐的病因病机主要有热毒内盛,internal
乳房部的结核性疾病,internal
予以健脾和胃,internal
五心烦热（sphoria with feverish sensation in chest,internal
亦可与其他心血管病伴发。其预后与心律失常的病因,internal
亦可引起胃热（胃火）。中医分为热郁胃中,internal
亦可持续累及心脏而致其衰竭。,internal
产后发热是指产褥期内,internal
产后恶露是指产后随子宫蜕膜脱落,internal
从外耳道内流出一些非脓性的液体,internal
从目系下颊里,internal
从而使得肛门内括约肌痉挛收缩,internal
从而引起的心中剔剔不安,internal
令痰气结聚不散,internal
以上腹胃脘部近心窝处疼痛为主症的病证,internal
以五脏虚证为主要临床表现的多种慢性虚弱症候的总称。,internal
以发出咳声或伴有咳痰为主症的一种肺系病证,internal
以后可发展为多结节性肿大。,internal
以痰质清稀色白的痰为特征。如由外感风寒而致病的,internal
以胃脘及腹部疼痛为主要表现的疾病。,internal
以胃阴不足为主,internal
以脏腑功能衰退,internal
以脾运失健为主,internal
以致或湿浊阻滞,internal
以致眼睑内翻畸形,internal
以致结脓成痈的急性化脓性病证。多发于产后哺乳的产妇,internal
以致肺叶生疮,internal
传染性结膜炎,internal
伴心胸烦闷,internal
伴有典型的响声。嗳气可因不同病因在持续时间和响度上发生改变。在过去几十年中发生的一些重要事件使人们对功能性胃肠病（FGID）有了更深入的了解。罗马III标准中将功能性胃十二指肠疾病的症状分为3类：功能性消化不良,internal
似喘而无声的表现。患者多伴有呼吸系统或心血管系统疾病。治疗需针对原发病。若气短引起呼吸困难,internal
但不如子宫内膜异位症所致的痛经明显,internal
但如果胃酸过多就会伤及胃,internal
但流行程度和危害性以病毒性结膜炎为重。本病全年均可发生,internal
但粪质干结,internal
低血糖导致脑神经能量匮乏或者是心理疲劳,internal
佐脾丸。”《医医偶录》治肚腹胀硬拒按,internal
体感受寒邪。《灵枢·邪气脏腑病形》：“形寒寒饮则伤肺,internal
体腔内体液增多则称积液。根据分布范围,internal
使胞宫的功能受损而发生的一系列疾病的统称。,internal
使脏气不平,internal
侵袭或邪传于肠胃而触发。《症因脉治·腹痛论》：“痧胀腹痛之证,internal
俗称疬子颈。多见于青少年及原有结核病者,internal
保证心脏正常工作。当某种原因导致心肌血液供需失衡,internal
假性结膜炎以及流行性角膜炎等,internal
停留或渗注于体内某一部位而发生的病证,internal
停积胃肠,internal
健脾养胃诸法。,internal
元气虚也。”《临证指南医案·喘》提出：“在肺为实,internal
入于膀胱,internal
入里化火,internal
六腑痹,internal
其中痰和饮既有区别,internal
其主要原因是椎骨骨质增生压迫了椎管内神经,internal
其他器官的疾病也可引起腰痛。如泌尿系炎症或结石,internal
其发生是由于胆红素代谢障碍而引起血清内胆红素浓度升高所致。临床上表现为巩膜,internal
其次它们又可能成为新的致病因素。一般以较稠浊的称为痰,internal
其毒液由伤口进入人体内而引起的一种急性全身性中毒性疾病。,internal
其病在胃,internal
其痰青而多泡。”又名肝经风痰。二是指素有痰疾,internal
其颜色及内容物随时间而变化,internal
养阴益胃。,internal
内伤乳食,internal
内伤饮食不洁。病位在肠,internal
内分泌影响,internal
内分泌疾病及神经官能症等几乎都有轻重不等的头晕症状,internal
内含有脓液。因脓液的颜色不同,internal
内有烦热的症状。这是由于热邪内伏,internal
内热进而化虚火。根据病机不同,internal
内脏的急性化脓性疾患,internal
内风属内伤病证,internal
再如湿阻引起,internal
冠心病,internal
凡发热同时又有心烦,internal
凡离开经脉之血不能及时消散和瘀滞于某一处,internal
出《素问·气厥论》。多因肺,internal
出现胃部灼烧感,internal
出血量与血液在胃肠道停留的时间。便血伴有皮肤,internal
分别采取温补脾肾或滋养肝肾法,internal
则每一脏又有气,internal
初起乳房内出现 一结块如桃李,internal
功能性子宫出血,internal
劳倦内伤,internal
劳淋六证。基本病机为湿热蕴结下焦,internal
包括《内经》所含肺痹,internal
包括病毒性肝炎,internal
化痰剂等药,internal
十二指肠或胰胆等病变引起的出血,internal
升阳除湿汤,internal
即为肺痨,internal
即人体内某个脏器或组织离开其正常解剖位置,internal
即心脏活动的起源和（或）传导障碍导致心脏搏动的频率和（或）节律异常。心律失常是心血管疾病中重要的一组疾病。它可单独发病,internal
即暑热挟湿。以胸脘痞闷,internal
即火痰也。”证见烦热燥结,internal
即由于外来之寒邪或者是人体脾肾阳虚所生之内寒停滞在女性胞宫,internal
即称为消瘦。体内脂肪与蛋白质减少,internal
即老痰,internal
即胃火,internal
压之无痛为临床特点。临床表现与西医学的慢性胃炎（包括浅表性胃炎和萎缩性胃炎）,internal
又分外痹与内痹。痹者闭也。广义的痹病,internal
又称“胃反”,internal
及天时郁勃而然也。”“此皆素抱痰疾者,internal
反映了痹病的基本内容,internal
反胃,internal
发作时间多在3～5分钟之内,internal
发现腹部一部分或全腹部膨拢引起腹胀的原因主要见于胃肠道胀气,internal
发生于儿童者称喊叫小结,internal
发瘀等的病理状态。血热多由邪热入血所致,internal
发育生殖等功能减退所致的病症。肾精不足多由先天发育不良,internal
口腔内肌膜破损,internal
口虽渴但不想饮水或饮水后胃中不适,internal
古代医家用盗贼每天在夜里鬼祟活动,internal
只要注意调整心态,internal
可以是肝病的早期症状,internal
可以杀死食物里的细菌,internal
可伴有恶心,internal
可出现在许多疾病的过程中。临床辨证以虚实为纲。治疗以和胃降逆为原则,internal
可分 为瞬时记忆（半分钟内）,internal
可分为细菌性结膜炎和病毒性结膜炎两类,internal
可导致脏腑失调,internal
可放射至心前区与左上肢,internal
可能是由于大脑疲劳。各种颅内,internal
合理调节饮食结构,internal
同时增加胃蛋白酶的活性,internal
同时配以疏肝健脾,internal
名内吹乳痈,internal
名曰风痰,internal
名曰风痰。”《医宗必读》卷九：“在肝经者,internal
后世将外科分为疮疡与杂证两大类。疮疡多由毒邪内侵,internal
后天失养及外感内伤等多种原因引起的,internal
后者更多的含义是泛指女性内生殖器官（子宫,internal
吞酸是指酸水自胃上激于咽喉之间,internal
呼吸急促等症状。脓痰的量,internal
咯吐腥臭浊痰,internal
咯痰是呼吸道内的病理性分泌物,internal
咯黄稠痰或痰中带血,internal
咳喘是肺病的主要症状。咳喘的病因有外感内伤之别,internal
咳喘每多夹痰,internal
咳嗽喘促等。治以清肺,internal
咳嗽等症状。由脾肾虚寒引起的,internal
咳大量脓痰和反复咯血。,internal
咳痰量多,internal
咽喉炎以及病毒感染甚至心肌梗死均可引起咽喉痛。,internal
咽结膜热,internal
喉中痰鸣如水鸡声,internal
喘息痰鸣,internal
喘气等。咳嗽可伴随咳痰,internal
嗳气和恶心呕吐。嗳气又分为：吞气症和非特异性过度嗳气。,internal
嗳气（belching）是胃中气体上出咽喉所发出的声响,internal
噤口痢是属于痢疾之一。见《丹溪心法·痢》。亦称禁口痢。指患痢疾而见饮食不进,internal
四肢疼痛的发生主要是由于机体内正气不足,internal
因产后劳倦伤脾,internal
因其在睑结膜表面形成粗糙不平的外观,internal
因外感而喘咯咳唾者 《泰定养生主论》 “热痰者,internal
因外邪犯胃,internal
因感受风邪或风热怫郁而发的病证。《泰定养生主论》：“风痰者,internal
因此子宫脱垂还可同时伴有膀胱尿道和直肠膨出,internal
因风热客于肠胃或湿热蕴积肠胃,internal
国内癫痫的总体患病率为7.0‰,internal
在肾为虚。”,internal
均属神昏的范畴。常因痰浊,internal
均称“烦热”。多由于里热过盛,internal
坚结胶固,internal
坚结胶固之痰。亦称老痰,internal
声带小结又称歌唱者小结或教师小结,internal
复出于胃,internal
多为饮停于胃证,internal
多伴有嗳气症状。自胃部上升的气体或酸性液体导致嗳气（呃逆）发生,internal
多因外邪入里,internal
多属肺热。,internal
多指内伤病证的类中风,internal
多是由于结核杆菌侵入颈部所引起的特异性感染,internal
多由于痰,internal
多由邪热犯胃,internal
多种疾病导致的女性体内病理生理变化的外在表现,internal
多种肺部感染。,internal
多见于唇内侧,internal
大便干结,internal
大便秘结,internal
大便粘结,internal
大便酸臭或便秘为特征。食积又称积滞。与西医学消化不良相近。本病一年四季皆可发生,internal
大多系感染引起。慢性腹泻指病程在两个月以上或间歇期在2～4周内的复发性腹泻,internal
大病久病伤肾等引起。,internal
大肠传导失司,internal
大部分指的是风湿病,internal
失于和降是胃痛的主要病机。治疗以理气和胃为大法,internal
失禁等症状。正常人每日大约有9L液体进入胃肠道,internal
头颅内伤,internal
奇恒之腑痹,internal
女性子宫下垂,internal
如内蕴暑湿而外感风寒,internal
如发现腹部一部分或全腹部膨隆。引起腹胀的原因主要见于胃肠道胀气,internal
如子宫内膜异位症,internal
如心血管疾病,internal
如暑湿弥漫三焦,internal
如果十二指肠内容物经胃,internal
如白内障,internal
如肺气虚,internal
如风邪善行数变之特点的疾病。这里介绍的为类中风（脑卒中）。,internal
妊娠早期出现恶心呕吐,internal
子宫内膜炎,internal
子宫内膜炎或盆腔感染,internal
子宫内膜炎等引起的经期延长。宫内节育器和输卵管结扎后引起的经期延长也按本病治疗。本病一般预后良好。,internal
子宫出血量多而势急如崩,internal
子宫后倾等）,internal
子宫岀血量少而势缓,internal
子宫性闭经以及下生殖道发育异常性闭经,internal
子宫或阴道结构异常,internal
子宫收缩无力或异常等,internal
子宫脱垂（uterine prolapse）是指子宫从正常位置沿阴道下降,internal
子宫腺肌病等引起的痛经。,internal
子宫颈息肉,internal
子宫颈炎,internal
子宫颈糜烂,internal
它严重影响人们的社会交往和心理健康,internal
它可以充分地调动身体各脏器的机能,internal
宜刺三里,internal
宜半黄丸。”④素有痰疾,internal
宜温气汤。痛而小便不利为湿热,internal
宫寒顾名思义是“子宫寒冷”的简称。在中医学的文献记载和正式的教科书及相关的中医妇科专著中并无此词条。但是“宫寒”已经成为深入人心的热词,internal
宫颈及子宫内膜腺体分泌物等混合形成白带。正常白带呈白色黏液状或蛋清样,internal
宫颈管及子宫内膜腺体分泌物混合而成,internal
容易出现虚寒的征象。常见的有胃阳虚,internal
容易在体内积累毒素,internal
寒温失调等多种因素导致肝气失舒,internal
寒湿下注,internal
寒湿结于肠腑,internal
寒疝是一种急性腹痛的病症。见《金匮要略》。由脾胃虚寒,internal
对青少年的心理和社交影响很大,internal
导致心脏的供氧减少,internal
导致心血耗损。,internal
导致肾与膀胱气化失常,internal
导致胃失和降,internal
导致脾胃受损,internal
将有排卵型功能失调性子宫出血分为月经量多与经间出血两类。,internal
小儿夜惊是指1岁以内的哺乳婴儿,internal
尤以肺气虚损,internal
尤其是以脾肾阳虚多见。,internal
就构成了真正意义上的心肌缺血。而冠心病是引起心肌缺血最主要,internal
尿急（urgent micturition）与尿频（frequent micturition）在中文的西医诊断学里是两个不同的概念,internal
尿液中是没有红细胞的。医学上把病人尿液离心沉淀后,internal
尿路结石,internal
尿路结石是最常见的泌尿外科疾病之一。男性多于女性,internal
属于阴虚内热的症候,internal
属内痈范畴,internal
属里实热证,internal
工作动机和责任心等因素都对其有显著影响。有许多理论试图解释其产生机制,internal
左为肾,internal
巴豆。”《杂病源流犀烛·积聚症瘕痃癖痞源流》：“食积,internal
帮助消化。胃液对消化食物起着重要作用,internal
常与恶心并见,internal
常与肝脾等脏有密切关系。胃气郁滞,internal
常与胆石症并存,internal
常伴出汗及心悸而出现的燥热症状,internal
常伴有外感或内伤症状。引起腰痛的原因很多,internal
常合并有阴道前壁和（或）后壁膨出。阴道前后壁又与膀胱,internal
常和惊悸合并称为心悸。,internal
常表现为胃脘胀闷,internal
干咳（dry cough）指咳嗽无痰,internal
并排除颅内感染及其它导致惊厥的器质性或代谢性疾病。主要表现为突然发生的全身或局部肌群的强直性或阵挛性抽搐,internal
并有湿浊,internal
并自觉心胸烦热。多由阴虚火旺,internal
并非一种疾病。是指病程在两个月以上的腹泻或间歇期在2～4周内的复发性腹泻。病因较为复杂,internal
并非疾病。多见于急性肝炎时,internal
幼年类风湿症等。,internal
引动伏痰,internal
引起以心中急剧跳动,internal
引起相关系统疾病的总称。《内经》所言五脏痹,internal
弥散性血管内凝血等。,internal
弥漫型的肝细胞变性,internal
当今大城市职业妇女中50%-70%都有不同程度的乳腺增生。乳腺增生症常表现为乳房疼痛和乳腺摸到结节,internal
当咽入胃内空气过多或因消化吸收功能不良时,internal
当然也包括胞宫,internal
当血渍总胆红素浓度超过34.2μmol,internal
形成肝硬化。肝硬化肝功能减退引起门静脉高压,internal
很可能是痛在身上伤在心里。,internal
循胃经上扰等引起。,internal
心,internal
心下痞坚,internal
心下痞硬的症状是胃脘部堵塞满闷不适,internal
心中躁动不安,internal
心前区疼痛就是指心前区这个部位的疼痛。心前区位于前胸和左侧乳房的部位,internal
心动过缓或心律不齐。,internal
心包填塞和食管破裂等,internal
心包炎,internal
心卒动而不宁也,internal
心失所养,internal
心律失常（arrhythmia）是由于窦房结激动异常或激动产生于窦房结以外,internal
心悸,internal
心悸是中医病证名,internal
心情不舒畅。有时也指有意识地不呼吸,internal
心情沮丧,internal
心火上炎,internal
心烦,internal
心烦不安,internal
心烦的意思是心情不好,internal
心痛,internal
心痹等脏腑痹及肉痹,internal
心神不安,internal
心神不定,internal
心绞痛（angina pectoris）是冠状动脉供血不足,internal
心肌急剧的暂时缺血与缺氧所引起的以发作性胸痛或胸部不适为主要表现的临床综合征。心绞痛是心脏缺血反射到身体表面所感觉的疼痛,internal
心肌的血氧摄取率也很高（约为70%）,internal
心肌缺血（myocardial ischemia）是指心脏的血液灌注减少,internal
心肌能量代谢不正常,internal
心脉不畅,internal
心脏受损导致气血,internal
心脏所在部位感觉疼痛,internal
心血不足,internal
心血不足就是心脏有疾,internal
心跳,internal
心跳动而怕惊也,internal
心跳快或节律不齐,internal
心里烦躁,internal
急性梗阻性化脓性胆管炎等,internal
急性胃肠炎,internal
急性胆囊炎,internal
性状和伴发症状常可提示诊断。治疗应查找脓痰产生的原发病,internal
总因“寒气客于肠胃,internal
恶心,internal
恶心(nausea)是一种可以引起呕吐冲动的胃内不适感,internal
恶心呕吐,internal
恶心烦乱,internal
患者就会感到胃部不适,internal
患者常有传染病接触史。本病与西医学之急性传染性结膜炎相似。,internal
患者自觉心烦,internal
情志不畅和脾胃素虚等病因而引发。胃是主要病变脏腑,internal
惊慌心跳,internal
感寒停湿及热迫肠胃所致。,internal
感染产物及坏死组织亦为形成结石之核心,internal
感染性疾病等疾病引起。其理论有：①组织牵引：肌肉损伤而起。②肌肉痉挛：肌肉的反复性抽筋而起。③结缔组织：肌肉的结缔组织受伤（如肌腱）而起。事实上,internal
慢性三类。本病相当于西医的湿疹。,internal
慢性肾炎,internal
慢性胃炎,internal
慢性胆囊炎,internal
慢性胆管炎,internal
或久病体虚所引起。脾有运化食物中的营养物质和输布水液以及统摄血液等作用。脾虚则运化失常,internal
或吐痰沫,internal
或咯出如米粒状痰,internal
或因为内容繁杂而看得目眩头晕。许多疾病过程中会有眼花表现。治疗宜针对原发病进行,internal
或因久病脾胃两伤,internal
或因风热怫郁而然也。此皆素抱痰疾者,internal
或头痛部位不定。《灵枢•经脉》曰：“肝足厥明之脉,internal
或寒湿,internal
或尿有甜味为特征的疾病。本病在《内经》中称为“消瘅”。口渴引饮为上消,internal
或心忪烦闷而发。”治宜祛风化痰,internal
或心胸满闷,internal
或情志郁结,internal
或横逆的病理变化。临床以肺气上逆,internal
或温热病后期及内伤杂病,internal
或湿热,internal
或病后虚热不清及火热内郁所致。是虚损劳瘵等病的常见症之一。治宜滋阴降火,internal
或痰极少,internal
或痰火暴亢,internal
或痰饮瘀血阻滞,internal
或肝经郁结,internal
或肝胆郁结,internal
或胃腑湿热上蒸鼻窍所致的,internal
或胆失通降等而发病,internal
或胆经炎热,internal
或脾损不运,internal
或脾损气滞,internal
或脾肾阳虚等原因引起的以排便次数增多,internal
或脾胃功能虚弱,internal
或脾胃气虚而化运失健所致。常见于胃及肝,internal
或脾胃湿热,internal
或脾胃虚寒不能运化水谷,internal
或脾胃虚弱,internal
或自觉心中悸动不宁,internal
所生病证之一。又为劳倦内伤及五心烦热的症状之一,internal
所谓“纳”指“胃纳”,internal
所谓心慌,internal
手心热,internal
把肝脏外层的包膜极度撑开,internal
担心自己会不会患了乳腺癌或以后会变成癌。乳腺增生症有多种病理类型,internal
担心自己患有各种疾病,internal
指上焦心肺之热,internal
指产后6周子宫仍未能恢复到非孕状态。其原因复杂,internal
指伤口或疮口表面上由血小板和纤维蛋白凝结而成的块状物,internal
指因过度劳累而引起的内伤。包括劳力过度,internal
指大便干燥。多由胃肠燥热,internal
指妇女妊娠期中出现的烦躁心悸的病症。西医妊娠期间出现抑郁症可参考本病。,internal
指心中烦闷不安,internal
指正气虚而兼有内寒的症候。表面为食欲不振,internal
指气从胃中上逆,internal
指生物体表面或内部组织中圆形的小突起。耻骨,internal
指痰质胶粘浓稠难咯,internal
指的是成肝气郁结,internal
指胃内容物经食管反流达口咽部,internal
指胃气上逆动膈,internal
指腹腔内游离液体的过量积聚,internal
指食物停滞胃中不消化。,internal
按之硬满的症候。多因胃气虚弱,internal
损伤脾胃,internal
损伤脾胃等引起。,internal
损伤脾胃而出现的证候。常见于腹痛。,internal
撑紧的肝包膜刺激神经后产生肿痛,internal
支气管或肺组织）出血,internal
支气管扩张是由于支气管及其周围肺组织慢性化脓性炎症和纤维化,internal
故云热痰也。”②火痰 《杂病源流犀烛·痰饮源流》 “热痰,internal
故名沙眼。本病病变过程早期结膜有浸润,internal
故少气。”亦有因痰气,internal
故称之为“痰厥”。,internal
故贤曰湿多成泻,internal
无法正常运化水湿而使寒凉之气停滞在人体经脉脏腑中,internal
无痰或少痰。,internal
无里急后重,internal
日久导致心失濡养,internal
日久成积者。《儒门事亲》卷三：“食积,internal
时作时止的一种病证。病位在胃,internal
易并发肺炎,internal
是一病证名。在《诸病源候论·病热候》中有记载。多因内伤劳损所致,internal
是以胃失和降,internal
是体征而并非一种疾病。任何病理状态下导致腹腔内液体量超过200ml即称为腹水。产生腹水的病因很多,internal
是呼吸道疾病的常见症状。痰是呼吸道分泌出的黏液,internal
是因外感或内伤,internal
是心悸的一种,internal
是指异常的子宫出血,internal
是指每日午后发热。本病属里证,internal
是指胃中空虚,internal
是指饮食入胃,internal
是热病后余毒结于颐颌间引起的急性化脓性疾病。临床特点是常发生于热病后期,internal
是由于人们主观感觉上对心脏跳动的一种不适感觉。心跳一旦失去固有的规律,internal
是由胃动力障碍所引起的疾病,internal
是胃肠疾病的常见症状之一。适度的胃酸可以帮助消化,internal
晚期由于受累的睑结膜发生瘢痕,internal
暑湿,internal
暑湿俱盛之时,internal
暑湿易于困遏脾气,internal
最早出现于《丹溪心法》“有每日五更处洞泻……,internal
最终粪便中水分仅约100～200ml。若进入结肠的液体量超过结肠的吸收能力或（和）结肠的吸收容量减少,internal
有人将其分为与代谢因素有关的结石和感染性结石。细菌,internal
有外风和内风之分,internal
有必要梳理一下这个词汇的含义。“宫”可指西医学的“子宫”,internal
有时也形容被繁琐的事情弄得不知所措。出自曹雪芹的《红楼梦》第六回：“满屋里的东西都是耀眼夺光,internal
有时在睑结膜表面形成一层灰白色假膜,internal
有瘀血。血淤证可见于很多种疾病。一般而论,internal
有肥白气虚多痰人,internal
有食积停滞和腹痛感,internal
查体时患者常诉有触压或叩击痛。治疗应针对引起肝区疼痛的原因。,internal
椒附丸等方。参见脾泄,internal
横逆犯胃,internal
正常胃液呈酸性,internal
比较常见的有心血管病,internal
气少不足于言……由里气因痰或食或饮碍其升降之路使然。”,internal
气机郁结所致。《丹溪心法·六郁》：“气郁者,internal
气滞,internal
气血精微不能濡养脏腑,internal
气郁化火而寻致胃阴耗伤。其主要临床表现是：胃部隐痛,internal
水液失于布散而生湿酿痰,internal
水饮犯肺等所致者,internal
沙眼是由沙眼衣原体引起的一种慢性传染性结膜角膜炎,internal
治当扶胃攻邪。,internal
治疗方法有滋补肾气,internal
波动与心理社会因素有关,internal
注下。多因脾胃虚弱,internal
流痰,internal
涉及肝脾等脏器,internal
润肺为主,internal
淋巴结肿大等全身症状,internal
清利湿热,internal
清晨醒来之前最低。胃液中的胃酸（0.2%～0.4%的盐酸）,internal
清热导痰汤。③痰热聚于心者 《杂病源流犀烛·痰饮源流》 “在心曰热痰,internal
清稀的称为饮。痰不仅是指咳吐出来有形可见的痰液,internal
清肝理脾等法,internal
渗出和肝细胞坏死,internal
温毒症状之一。由於温热之毒内蕴肺胃,internal
温肾,internal
湿,internal
湿滞或感受秽浊之邪,internal
湿热,internal
湿热下注是一个中医的术语。中医认为,internal
湿热下注等伤肾气不能固摄而病,internal
湿热之邪,internal
湿热痢重症。多因湿浊热毒蕴结肠中,internal
湿热等邪气痹阻腰膝所致。,internal
湿热蕴结于下焦,internal
湿热阻于肾与膀胱,internal
湿疮,internal
湿疹是由多种内外因素引起的瘙痒剧烈的一种皮肤炎症反应。分急性,internal
溃后脓液稀如痰,internal
溃面有糜烂的现象。中医认为由脾胃积热,internal
溶石化结。,internal
满闷不舒的症状。可因肝胃气机阻滞,internal
火痰,internal
热客膀胱,internal
热气与痰水相搏,internal
热泻是指因热迫大肠所引起。亦名“火泻”。,internal
然皆里急后重。”,internal
然而又无法一泄为快。“里急”即形容大便在腹内急迫,internal
燥咳是病名。是因肺虚液少或燥邪伤肺所致的咳嗽。其证咳嗽痰少,internal
燥脾,internal
牙结石,internal
牙龈（gingiva）是指覆盖于牙槽突表面和牙颈部周围的口腔黏膜上皮及其下方的结缔组织。牙龈肿痛主要是牙龈有炎症而表现出的一种症状,internal
特别是结肠与直肠病变的出血,internal
环唇内……”。《丹溪心法十二经见证》足厥阴肝经见证有“头痛”,internal
环境温度及湿度变化时加重,internal
现代医学相当于风湿性,internal
甚则不能自主为主要临床表现的一种心脏常见病证。,internal
甚则咯吐脓血痰为主要临床表现的一种病证。,internal
甚则拒食的一种常见的病证。辨证应辨病在脾或在胃。在胃者,internal
甚或咯痰带血,internal
甚或纯白无红色的舌质称为舌淡。舌淡在内伤杂病中较为多见,internal
甚至发生晕厥跌倒的现象。中医理论认为这是痰气上逆所致,internal
甚至子宫全部脱出于阴道口以外,internal
甚至溃疡久不愈合。多由心脾积热,internal
生长发育迟缓（发育迟缓）是指在生长发育过程中出现速度放慢或是顺序异常等现象。发病率在6%～8%之间。在正常的内外环境下儿童能够正常发育,internal
用大和中饮。脾虚者,internal
用清气化痰丸,internal
用温胆汤,internal
由于剧烈或持续的精神紧张性刺激直接引起的。其临床表现的主要内容与精神创伤密切相关,internal
由于子宫的缩复作用,internal
由于肝脏充血,internal
由于胃失和降,internal
由于风燥异气内犯肺鼻,internal
疏肝理气,internal
病名。由肠胃酝热所致的痢疾。证见里急后重,internal
病情严重时增加腹压也不能将膀胱内尿液排出体外,internal
病机有寒热虚实之分。咳喘与痰密切相关,internal
病状名。指面部呈现枯萎晦黄的病色。多因脾胃虚弱,internal
病症名。多为胞内有实热,internal
病程在2～3周之内,internal
病证名。因脏腑虚弱所致的泄泻。见《医学入门》卷五。又称虚泄。多属脾肾虚弱。症见困倦无力,internal
病证名。因风痰上壅,internal
病证名。指痰气上逆而致头痛。《古今医鉴》将之归于“厥头痛”范畴。《外台秘要》卷八：“痰厥头痛方：《病源》（指《诸病源候论》）谓,internal
病证名。指痰热壅阻于肺,internal
病证名。痰扰肝经的病证。风痰证有以下两方面的含义：一是指痰扰肝经的病证。《医学入门》卷五：“动于肝,internal
症名。两手掌心有发热感觉。一名掌中热。手三阴经是动,internal
痈肿相互连结成块,internal
痊愈后可能留下瘢痕。尿囊素可保护伤口结痂,internal
痞满是由于脾胃功能失调,internal
痰,internal
痰也往往导致咳喘,internal
痰厥头痛,internal
痰响吐涎,internal
痰喘,internal
痰多等症状。,internal
痰核和停滞在脏腑经络等组织中的痰液,internal
痰气相搏,internal
痰水与热相搏之病证,internal
痰水在于胸膈之上,internal
痰涌气急,internal
痰涎壅盛,internal
痰涎等胃内之物从胃中上涌,internal
痰热聚于心,internal
痰热阻肺,internal
痰白滑而易于咳出,internal
痰粘稠,internal
痰色亦黄。治宜清热化痰,internal
痰血,internal
痰証的一种。见《医学入门》卷五。又名气痰。多由肺燥所致。症见痰少色白,internal
痰量多,internal
痰饮,internal
痰饮内停,internal
痰饮指体内水液不得输化,internal
痰黏或黄,internal
瘀交结,internal
瘀血停滞等因所致。,internal
瘀血已久也,internal
瘀血阻滞心脉,internal
瘀血阻络,internal
瘰疬及有关皮肤病的内容,internal
皮肤出现苔癣样结节或斑块,internal
皮肤而首先被察觉。当血清总胆红素在17.1～34.2μmol,internal
盆腔炎性包块为女性盆腔脏器的炎症未得到正规治疗,internal
目前心肌缺血在我国的患病率呈逐年上升的趋势,internal
目赤是指眼结膜充血,internal
眩晕症占内科门诊病人的5%,internal
眵多粘结,internal
眼内,internal
眼及颈部淋巴结等,internal
短促等证候。《灵枢·经脉》：“少气不足以息。”又：“其小而短者少气。”可因脏气虚弱,internal
确保胃和肠道的安全,internal
祛湿利水或暂用攻逐之法,internal
神机逆乱。其病位在心,internal
称为“胃纳呆滞”,internal
称为十二指肠胃食管反流。多由于贲门功能不全和胃功能障碍逆蠕动致酸性胃液反流至口腔。反酸只是症状,internal
称为月经延长。本病相当于西医学排卵型功能失调性子宫出血病的黄体萎缩不全者,internal
称为肠鸣音。肠鸣音是指腹中胃肠蠕动漉漉作响的体征。在正常情况下,internal
突然心跳欲厥之证。《诸病源候论·虚劳病诸候》均有相关记载。,internal
立刻引起肛门内烧痛和刀割样疼痛,internal
简称胃呆,internal
类似西医学所指的肝硬化腹水,internal
类风湿性关节炎。,internal
粪便干结。正常人每天排便1～2次或2～3天排便1次,internal
粪质硬结,internal
系由七情内伤,internal
素有痰疾因外感而喘咯咳唾。①痰水与热邪相搏所致的病证 《诸病源候论·痰饮诸病候》 “热痰者,internal
素有脾胃虚弱,internal
约4～5∶1。 尿路结石在肾和膀胱内形成。上尿路结石与下尿路结石的形成机制,internal
约有半数病人于发病数日内死亡,internal
经食道而由口排出之气体。是脾胃疾病之一。《灵枢。口问篇》曰,internal
结,internal
结合心,internal
结如胶而坚,internal
结核,internal
结核病,internal
结核（肿大的淋巴结）累累如串珠,internal
结痰,internal
结痰也。”“郁痰即结痰,internal
结痰条。,internal
结石基质和晶体抑制物质学说是结石形成的三种最基本学说。根据上尿路结石形成机制的不同,internal
结石成份和流行病学有显著差异。上尿路结石大多数为草酸钙结石。膀胱结石中磷酸镁铵结石较上尿路多见。成核作用,internal
结积所生也。言阴阳否隔,internal
结缔组织疾病等。腹水定量诊断除影像学检查外,internal
结聚於腹中而致。症见脐周绞痛,internal
结肠及直肠。上消化道出血是指十二指肠悬韧带（Treitz韧带,internal
结膜炎也可以引起畏光,internal
结膜炎时大都有不同程度的畏光流泪。多见于角膜异物,internal
结节型,internal
结节等多形性皮损为特点。,internal
老年腹壁强度退行性变等原因引起腹内压增高,internal
老痰,internal
考虑各种不同妇科情况。但下腹痛崽子内生殖器以为的疾病并不少见,internal
而且受神经和心理等因素的影响。即患者对疼痛刺激的敏感性存在差异,internal
而主观上在耳内或颅内有声音感觉。在临床上它既是许多疾病的伴发症状,internal
而头皮作为人体最重要的指令控制中心——头部的天然屏障,internal
而是心理压力,internal
而是由于神经内分泌系统功能失调所致。表现为月经周期不规律,internal
而肠道内的气体又不能从肛门排出体外,internal
而阴气逆上与风痰相结,internal
耳内流出脓液,internal
耳前淋巴结肿大等全身症状。,internal
耳鸣是累及听觉系统的许多疾病不同病理变化的结果,internal
肛裂剧烈疼痛的主要原因是由于排粪时肛裂裂口内神经末梢受到刺激,internal
肝,internal
肝区痛是发生在右侧季肋部的疼痛,internal
肝木克脾,internal
肝源性水肿,internal
肝火或阴虚火旺所致。常见于中医学的暴风客热,internal
肝火犯肺,internal
肝炎等。,internal
肝病患者的乏力程度自轻度疲倦到严重乏力,internal
肝硬化腹水俗称肝腹水（hepatic ascites）。肝硬化腹水是一种慢性肝病,internal
肝经虚寒,internal
肝胆之火,internal
肝脏病,internal
肝郁气滞致白发。,internal
肠管内气体和液体随之流动,internal
肥厚。有些病人直接表现为慢性湿疹。皮损具有多形性,internal
肺,internal
肺内压升高,internal
肺内空气喷射而出,internal
肺栓塞（PE）,internal
肺气上逆则咳嗽,internal
肺气不宣,internal
肺气失和所致。治以疏风清热为主。,internal
肺气失和所致。症状表现为发热重,internal
肺气失宣出现以咳嗽为主的一种症候,internal
肺气肿等慢性病的老年患者,internal
肺炎,internal
肺炎喘嗽等。多见于西医的肺部急性炎症病变。,internal
肺热之名出自《素问·刺热篇》：“肺热病者,internal
肺热咳嗽属于温病学。现代医学中的呼吸道感染,internal
肺热咳嗽是由于肺内郁热,internal
肺痈是指由于热毒瘀结于肺,internal
肺虚气弱,internal
肺部有炎症。临床常伴有咳嗽,internal
肾与膀胱气化不利。病理因素为湿热。病位在肾与膀胱。辨证时首辨淋证类别,internal
肾亏,internal
肾五脏,internal
肾功能不全,internal
肾小球肾炎,internal
肾气亏耗为常见。《诸病源候论·少气候》：“所由藏气不足故也。肺主于气而通呼吸,internal
肾泄,internal
肾泻,internal
肾源性水肿,internal
肾盂肾炎等。治疗尿痛首先要控制急性感染,internal
肾精不足为肾精亏虚,internal
肾脏本是水火之脏,internal
肾脏病,internal
肾阳虚等。阳虚主证为畏寒肢冷,internal
肾阴虚,internal
胀是胀。肿多与肾脏关系密切,internal
胃,internal
胃下垂等疾病相似,internal
胃中空虚,internal
胃十二指肠溃疡出血也是溃疡病常见并发症。小量出血往往没有临床症状。仅在大便隐血试验时发现。出血量大于500ml时,internal
胃失和降。若呕吐日久,internal
胃接受和容纳食物的功能称作“胃主受纳”,internal
胃气上逆,internal
胃气上逆为多见,internal
胃气上逆则恶心,internal
胃气不降,internal
胃气壅塞,internal
胃热是一种中医病症,internal
胃痛,internal
胃空肠吻合术后的空肠病变出血亦属这一范围。大量出血是指在数小时内失血量超出1000ml或循环血容量的20%,internal
胃络受伤或他脏有病影响及胃均可引起本证。,internal
胃肠不适是一个汉语词语,internal
胃肠实热而引起。,internal
胃肠道内产气过多,internal
胃胀,internal
胃脘痛,internal
胃脘痛。引起胃胀的原因有各种各样,internal
胃脘饱胀,internal
胃酸过多（hyperchlorhydria）又称作胃酸过高,internal
胃阴不足是中医术语。它是由胃病久延不愈,internal
胃阴受劫,internal
胆,internal
胆失通降所引起的以右胁胀痛为主要临床表现的一种疾病。胆胀为肝胆系病证中常见的疾病。其临床表现与西医学所称的慢性胆囊炎,internal
胆汁性,internal
胆石症等相似。胆胀多发生于40岁至65岁年龄组,internal
胆结石,internal
胆腑气郁,internal
胆蕴热上薰鼻窍等所致,internal
胆道感染是指胆道系统的细菌性感染,internal
背痛彻心。,internal
胎儿在子宫内死亡,internal
胞宫内的瘀血和浊液留滞 或伴有小腹疼痛,internal
胸胁痛是指因感受外邪或情志失调或饮食不节或跌打损伤等原因导致的脉络失养或闭阻而引起的以胸胁部疼痛为主的一种病症。病位在肝胆,internal
胸腔积液和心包腔积液。全身性水肿主要有心源性水肿,internal
胸部和腋下。相当于现代医学的淋巴结核,internal
胸闷心烦,internal
能清除呼吸道中的异物或痰,internal
脉多细弱。轻者属脾,internal
脉微欲绝等为特征的内科急症。,internal
脉滑数。治宜清热化痰,internal
脏腑,internal
脏腑中,internal
脏腑的作用,internal
脏腑经络气血为之痹阻而引起的疾病,internal
脏躁是指无故自悲,internal
脑内摇晃,internal
脓痰（purulent sputum）是呼吸道疾病最常见的症状之一,internal
脘痞是指胃脘部饱胀,internal
脘痞等暑湿郁遏肌表证候为主要特点。如暑湿困阻中焦,internal
脾,internal
脾不统血等证型。多因饮食失调．劳逸失度,internal
脾的慢性病变之中。临床若对导致脘痞的病种尚不能确定时,internal
脾胃受伤,internal
脾胃受损。,internal
脾虚,internal
脾虚气滞是一种疾病,internal
脾运失司所引起的一种小儿常见的脾胃病证。临床以不思乳食,internal
脾阳虚,internal
脾阳虚等等。,internal
腰膝酸软（soreness and weakness of waist and knees）为中医肝肾亏损的一种症状。表现为腰部和膝部的酸软无力,internal
腰酸（soreness of loins）指腰部酸楚不适。临床以肾虚较为常见。腰酸与腰痛有相似之处,internal
腹腔肿瘤等。正常人胃肠道内可有少量气体,internal
膀胱,internal
膀胱炎,internal
膀胱系津液之府,internal
膀胱结核,internal
致使肝质变硬,internal
致痰气郁结,internal
致食积停滞,internal
舌淡苔白。总的治疗原则为健运脾气,internal
舌红少津。在脾者,internal
舌红是指心在外为舌,internal
茯苓补心汤等加减治疗。,internal
茯苓补心汤等方。火郁而宜升发者,internal
营养不得补充或损害脾胃,internal
营养不良性等多种原因导致的肝硬化腹水。 鼓胀的病位主要在于肝脾,internal
虚人停痰饮,internal
虚弱而生内热,internal
虚烦是因虚而致心胸烦热者。由伤寒汗,internal
血液自血管或心脏外流,internal
血点是也。”多见于肺结核,internal
血瘀,internal
血瘀等兼证,internal
血瘀等所致。,internal
血瘀阴部所致。,internal
补益肝肾,internal
补肾益精,internal
表现为胃口变差,internal
视物昏花属于“肝肾亏损”。过度用眼,internal
视物昏花等其他肾虚症状。治疗宜排除泌尿系统,internal
证名。下腹部疼痛。出《素问·脏气法时论》。小腹为至阴之位,internal
证名。即便血。出自《金匮要略·惊悸吐衄下血胸满瘀血病脉证治》,internal
证名。指易有饥饿感。见《素问·至真要大论》。病因以胃热较为常见。治宜清胃,internal
证名。指痰中经常带血。《不居集》卷十三：“痰血,internal
证名。胁肋部发胀作痛之证。见薛己注《明医杂著·痰饮》。由气郁痰凝,internal
证名。自觉头部胀重不适。外感内伤均可引起。外感多因湿热郁蒸所致。,internal
说明心有火。首先是清淡饮食,internal
超过100ml提示胃酸分泌增多。正常生理状态下胃液分泌维持一定的量,internal
超过了一般范围。心脏自律性异常或传导障碍引起的心动过速,internal
越鞠丸等方。若气郁生痰者,internal
输卵管等脏器通过人体正常的或不正常的薄弱点或缺损,internal
过暗）的环境内学习或工作,internal
近记忆（数天内）,internal
这是广义的痰饮,internal
这种病理产物的寒可由人体脾肾阳虚,internal
这种痰称为“无形之痰”。,internal
这里所指的消瘦一般都是短期内呈进行性的,internal
这里的“宫”理解为“胞宫”会有助于更好地理解宫寒的含义和所指的疾病。“寒”在中医中首先是一个常见的致病原因,internal
迫使胃内容物从口而出的病证,internal
迫使腹腔内的游离脏器如：小肠,internal
逐瘀泻热。,internal
通过咳嗽把痰排出,internal
造成胃溃疡或十二指肠溃疡等疾病。人胃是持续分泌胃酸的,internal
邪气逆结所致,internal
郁痰。《症因脉治》卷二：“顽痰,internal
郁积于经脉或器官之内呈凝滞状态,internal
郁结不能渗泄故也。”,internal
都叫血瘀,internal
酸味有如刺心之感。,internal
酸心腹满,internal
里急后重为临床特征。主要病因是外感时邪疫毒,internal
里急后重（tenesmus）为临床常见症状之一,internal
重者可发生内陷。类似于西医学化脓性腮腺炎。,internal
重者属肾。治宜健脾补肾,internal
重者称腰膝痿弱。多因肝肾亏损,internal
长期活动造成体内能源物质（如肌糖元）消耗殆尽,internal
闭塞心窍,internal
闭塞清阳所致眩晕。见《医学正传·眩运》。《杂病源流犀烛·头痛源流》：“风痰闭壅眩晕,internal
阳热内盛,internal
阳痿多因命门火衰或心脾受损或恐惧伤肾所致。,internal
阴不足则先热后寒。”其病机是邪入半表半里,internal
阴气在内,internal
降火豁痰以治其标。同时,internal
需要助产或剖宫产结束分娩的情况。临床上的表现是分娩过程缓慢,internal
非别有五种之痰。”,internal
非别有此五种之痰。”,internal
须发早白是一种疾病。在中医学则认为发须早白主要有以下列三种主要原因：肾阴亏损致白发,internal
顽痰。”详见郁痰,internal
预防接种和慢性小腿溃疡均可能导致此病。致病菌可潜伏于淋巴管内,internal
颅内占位病变,internal
颅内感染,internal
颏部等都有结节,internal
风和热相结合的病邪,internal
风湿免疫病,internal
风湿热,internal
风痛风痛是中医的风湿痹痛,internal
风痰,internal
食内阻,internal
食物或水饮自口腔吐出,internal
食积,internal
食积内阻所致者。《䱐溪陆氏医述·病症辨异》：“少气者,internal
饮凝成痰”,internal
饮食积滞证,internal
骨折是指骨结构的连续性完全或部分断裂。多见于儿童及老年人,internal
鸡内金,internal
“疫咳”。顿咳好发于冬春季节,external
“癣”都是皮肤表面的疾病,external
“脑渊”之称。多因外感风热邪毒,external
一些20～30岁的年轻人也出现心肌缺血的表现。,external
三曰燥邪伤肝。戴复庵云：目赤无非血雍肝经所致,external
下腹坠痛是妇科疾病就诊的常见主诉。疼痛往往可以表现出相应的病情,external
下颌及手指关节最易发生脱位。关节脱位的表现,external
不完全性瘫痪和全瘫。轻瘫：表现为肌力减弱,external
不易排出的表现。干咳是临床肺部疾病常见症状之一,external
不能顺利地表达出来,external
与月经周期相关为主要表现的乳腺组织的良性增生性疾病。一年四季均可发生。好发于30—50岁妇女,external
中医病证名。多由外感寒邪,external
中医认为这是体质差的表现。此外,external
中暑是指长时间暴露在高温环境中,external
临床上可通过其所表现的证候来确定,external
临床表现为发热重,external
为开放性粉刺（堵塞毛孔的皮脂的表层直接暴露在外面,external
主要表现为上腹部的特殊不适感,external
主要表现为呕血,external
主要表现为大便困难,external
主要表现为情绪低落,external
主要表现为无相应的外界声源或电刺激,external
也可能是疾病的一种表现。目前发生的机制不是完全清楚,external
也称抽搐。表现为阵发性四肢和面部肌肉抽动,external
人上火之后临床症状表现为：目赤肿痛,external
从组织学表现看：是乳腺组织增生及退行性变,external
从而导致盆腔炎性包块发生。患者常先有急性输卵管炎的临床表现,external
代谢物积累学说和能源耗尽学说较有代表性。中枢学说认为,external
以一侧或两侧胁肋部疼痛为主要表现的病证,external
以五脏虚证为主要临床表现的多种慢性虚弱症候的总称。,external
以咳嗽经久不愈为主要表现的疾病,external
以小腿肌肉的抽搐拘挛为主要表现。,external
以痰质清稀色白的痰为特征。如由外感风寒而致病的,external
以胃脘及腹部疼痛为主要表现的疾病。,external
以致气血凝滞而成。其包括了体表上的肿疡及溃疡,external
以过度睡眠为主要临床表现。患者处于熟睡状态,external
以鼻腔干燥为主要表现的鼻部疾患。西医学的干燥性鼻炎可参考本篇进行辨证施治。,external
伤风是由风邪侵袭人体引起的常见外感热病。一年四季均可发生。尤以冬春两季为多见。临床以头痛,external
似喘而无声的表现。患者多伴有呼吸系统或心血管系统疾病。治疗需针对原发病。若气短引起呼吸困难,external
但排便不畅为主要表现的病证。,external
但青春期后往往能自然减轻或痊愈。临床表现以好发于面部的粉刺,external
体表与深部组织相通,external
偏身麻木等为主要表现的脑神疾病。并具有起病急,external
停止刺激后即进入熟睡状态。此为意识障碍的一种表现。此外,external
其临床主要表现为呕血和（或）黑粪,external
其发生是由于胆红素代谢障碍而引起血清内胆红素浓度升高所致。临床上表现为巩膜,external
其质或稠或稀的表现。,external
出现一系列功能障碍的临床综合征。表现为椎节失稳,external
包括多种出汗表现。,external
即暑热挟湿。以胸脘痞闷,external
即胸腰段及腰骶部两个解剖区。但在临床上由于其表现及治疗原则基本相似,external
压之无痛为临床特点。临床表现与西医学的慢性胃炎（包括浅表性胃炎和萎缩性胃炎）,external
又称“风热眼”,external
反复发作性的黎明之时的腹泻。主要表现为每至黎明前五更时分开始出现脘腹作痛或不痛,external
发生于体表,external
受到刺激时容易发生疼痛或剧烈疼痛。表现为刺痛,external
口角流涎为主要表现的中风后遗症。,external
古称膏粱病。表现为痛风,external
可以表现为远记忆力和近记忆力的减退。主要见于脑器质性精神障碍。脑器质性损害患者最早出现的是近记忆力的减退,external
可伴恶风寒。,external
可能影响嗅觉。临床表现为嗅觉减退,external
后天失养及外感内伤等多种原因引起的,external
吞咽不利等为主要临床表现的疾病。,external
咳喘是肺病的主要症状。咳喘的病因有外感内伤之别,external
喘息不得卧为主要表现的一种疾病,external
因其在睑结膜表面形成粗糙不平的外观,external
因外感而喘咯咳唾者 《泰定养生主论》 “热痰者,external
因感受风邪或风热怫郁而发的病证。《泰定养生主论》：“风痰者,external
因风热客于肠胃或湿热蕴积肠胃,external
复感风寒外邪,external
外感热邪,external
外感风热所致。中医认为,external
多发性脓肿为表现的全身感染性疾病。其特点是漫肿疼痛,external
多属外感风寒,external
多种疾病导致的女性体内病理生理变化的外在表现,external
多表明呼吸系统,external
多表现以头面,external
多见于免疫力低下的儿童及老人,external
大致涉及因感受风寒引起发作的偏头痛,external
大部分指的是风湿病,external
头昏是脑神经失调的一种表现。具体原因可能是血液循环不畅,external
如临床表现突出而其他症状不明显,external
如内蕴暑湿而外感风寒,external
如暑湿弥漫三焦,external
宫颈癌等其他疾病引起。临床表现常见白带增多,external
尿液浑浊不清的表现。,external
属非特异性疲惫感觉。表现为自觉疲劳,external
常伴有外感或内伤症状。引起腰痛的原因很多,external
常常表现为自我评价过高,external
常表现为嗳吐酸腐之气,external
常表现为胃脘胀闷,external
并排除颅内感染及其它导致惊厥的器质性或代谢性疾病。主要表现为突然发生的全身或局部肌群的强直性或阵挛性抽搐,external
并有头晕健忘等症为主要表现。,external
幼年类风湿症等。,external
当今大城市职业妇女中50%-70%都有不同程度的乳腺增生。乳腺增生症常表现为乳房疼痛和乳腺摸到结节,external
往往为某些疾病的特殊表现。,external
心肌急剧的暂时缺血与缺氧所引起的以发作性胸痛或胸部不适为主要表现的临床综合征。心绞痛是心脏缺血反射到身体表面所感觉的疼痛,external
性欲减退（sexual hypoactivity）是以性生活接应能力和初始性行为水平皆降低为特征的一种状态。表现为性欲望,external
恶风寒,external
或呕不能食者。常见于疫痢,external
或因为内容繁杂而看得目眩头晕。许多疾病过程中会有眼花表现。治疗宜针对原发病进行,external
或因风热怫郁而然也。此皆素抱痰疾者,external
或外感风热,external
或风寒侵袭,external
抽搐是不随意运动的表现,external
指伤口或疮口表面上由血小板和纤维蛋白凝结而成的块状物,external
指周围白细胞计数持续下降所引起的一组症状。典型表现为头晕,external
指正气虚而兼有内寒的症候。表面为食欲不振,external
指热病过程中发于肌表的斑和疹两种证候。见《伤寒九十论·发斑证》。斑和疹虽系两证,external
指生物体表面或内部组织中圆形的小突起。耻骨,external
搏动样头痛为主要表现,external
故“恶寒”常为临床诊断和鉴别外感表证的重要指征。,external
故名。临床表现：大便前出血如注,external
故名鼓胀。根据本病的临床表现,external
文字的表达和理解能力的临床症候群。失语症不包括由于意识障碍和普通的智力减退造成的语言症状,external
日常表示病程较长,external
昏迷为主要表现,external
是一种发于皮肤有传染性的化脓性皮肤病。其临床特点是皮损主要表现为浅在性脓疱和脓痂,external
是一种因人体免疫力差,external
是以面部表情肌群运动功能障碍为主要特征的一种疾病。它是一种常见病,external
是因外感或内伤,external
是多种疾病的临床表现。主要表现为膝,external
是指外感热邪入血中,external
是指牙龈自发性的或由于轻微刺激引起的少量流血。轻者表现为仅在吮吸,external
是疾病进展过程中的重要临床表现,external
是精神障碍的常见表现。,external
普遍的临床症状均可表现关节疼痛（arthralgia）。任何原因导致的关节炎,external
暑,external
暑湿,external
暑湿俱盛之时,external
暑湿易于困遏脾气,external
有时在睑结膜表面形成一层灰白色假膜,external
本病是一组以脑部缺血及出血性损伤症状为主要临床表现的疾病,external
气郁化火而寻致胃阴耗伤。其主要临床表现是：胃部隐痛,external
水肿可表现为局部性或全身性,external
燥咳是病名。是因肺虚液少或燥邪伤肺所致的咳嗽。其证咳嗽痰少,external
牙龈（gingiva）是指覆盖于牙槽突表面和牙颈部周围的口腔黏膜上皮及其下方的结缔组织。牙龈肿痛主要是牙龈有炎症而表现出的一种症状,external
现代医学相当于风湿性,external
甚则不能自主为主要临床表现的一种心脏常见病证。,external
甚则咯吐脓血痰为主要临床表现的一种病证。,external
甚则手足动作及行为举止躁动不宁的表现。语出《易·系辞下》“躁人之辞多” 唐 孔颖达 疏：“以其烦躁,external
甚至不能发出声音的症状。祖国医学称“暴喑”。多由风寒或风热火毒等邪犯喉,external
甚至关节肿大灼热为主要临床表现。属于中医学“痹证”的范畴,external
甚至关节肿大灼热为主要临床表现的病证。,external
甚至如线的脉。脉细表示虚证,external
由于剧烈或持续的精神紧张性刺激直接引起的。其临床表现的主要内容与精神创伤密切相关,external
疫毒,external
疮疡是指各种致病因素侵袭人体后引起的一切体表化脓感染性疾病的总称,external
病证名。胸部胀满不适。因风寒,external
皮肤表现青紫斑点或斑块的病证。西医的血液病,external
盗汗及身体逐渐消瘦为主要表现的病症。,external
神志不清的表现,external
称为恶寒。中医中有“有一分恶寒便有一分表证”的说法,external
突然表情淡漠,external
类风湿性关节炎。,external
素有痰疾因外感而喘咯咳唾。①痰水与热邪相搏所致的病证 《诸病源候论·痰饮诸病候》 “热痰者,external
纳呆便溏为主要表现的儿科病证。多见于1～5岁儿童。 疳积多因饮食不节,external
而是由于神经内分泌系统功能失调所致。表现为月经周期不规律,external
肌肉疲劳（muscle fatigue） 身体肌肉承受工作活动产生的疲劳。主要表现为乏力,external
肥厚。有些病人直接表现为慢性湿疹。皮损具有多形性,external
肺气失和所致。症状表现为发热重,external
胁痛（hypochondriac pain）是以一侧或两侧胁肋部疼痛为主要表现的病证,external
胆失通降所引起的以右胁胀痛为主要临床表现的一种疾病。胆胀为肝胆系病证中常见的疾病。其临床表现与西医学所称的慢性胆囊炎,external
脘痞等暑湿郁遏肌表证候为主要特点。如暑湿困阻中焦,external
脱屑（desquamation)常见于正常皮肤表层不断角化和更新,external
腮肿为症状名。指两颊下半部肿胀的表现。,external
腰膝酸软（soreness and weakness of waist and knees）为中医肝肾亏损的一种症状。表现为腰部和膝部的酸软无力,external
自口而出的病证。临床表现虽有急缓,external
自觉精神困倦的表现。,external
至翌日清晨则热退身凉的表现。温病后期气阴耗伤,external
苔薄白微黄。风热感冒多见于夏秋季,external
蒸达于外所致。常见于外感温热病气分阶段,external
血在粪便表面,external
血液突涌至两颊所产生的脸红现象。既可以是遭遇尴尬或者特殊气氛下产生的一种表情,external
衄血等。是风热之邪犯表,external
表实,external
表情淡漠,external
表现为下腹部不适,external
表现为下腹部的隐痛和钝痛。炎性包块盆腔炎腹痛在月经期也会加重,external
表现为以抑制性思维占主导的思维形式障碍。患者联想困难,external
表现为入睡后突然惊醒坐起,external
表现为出血,external
表现为月经周期或出血量的异常,external
表现为横 纹肌的不随意收缩。临床上常见的有如下几种：惊厥,external
表现为活动范围的减小。与功能完全丧失的关节强直截然不同。治疗针对原发病,external
表现为肌肉筋骨关节酸痛,external
表现为胃口变差,external
表现先是声门关闭,external
表现是上下牙列紧密闭锁,external
表皮呈橘皮样改变。乳房可扪及肿块,external
要依据临床表现,external
视物模糊不清的表现,external
言语不清的表现。,external
证名。自觉头部胀重不适。外感内伤均可引起。外感多因湿热郁蒸所致。,external
这是产妇在产褥期的临床表现,external
这类患者常有明显的感受风寒的病史。风寒头痛多发于吹风受寒之后,external
里急后重为临床特征。主要病因是外感时邪疫毒,external
阴不足则先热后寒。”其病机是邪入半表半里,external
需要助产或剖宫产结束分娩的情况。临床上的表现是分娩过程缓慢,external
面色泛白而没有血色的表现,external
项强指头部后项的肌肉筋脉牵引不舒的症状。一般是由于外感风寒,external
风湿免疫病,external
风湿热,external
风热,external
风热感冒(common cold with wind-heat syndrome)是风热之邪犯表,external
风热感冒是感受风热之邪所致的表证。,external
风痛风痛是中医的风湿痹痛,external
食欲异常往往表示人体处于病理状态。食欲异常包括食欲减退,external
饮食无味的表现,external
鳞屑损害为主要表现的慢性复发性炎症性皮肤病。,external
鼻窍不通所致。临床表现有鼻塞,external
“阻病”。多因脾胃虚弱或肝胃不和导致冲气上逆,deficiency
一般不易察觉。病理状态下可见大量皮肤脱屑。,deficiency
一般多主虚证,deficiency
一般将虚热进一步分为阴虚火旺和气虚火旺两种病状。,deficiency
三是关节部位出现畸形。临床上可分损伤性脱位,deficiency
下颌及手指关节最易发生脱位。关节脱位的表现,deficiency
不完全性瘫痪和全瘫。轻瘫：表现为肌力减弱,deficiency
不能平卧为临床特征的病症。明代张景岳把喘证分为实喘和虚喘。《景岳全书·喘促》：“实喘者有邪,deficiency
与夫阳 明之 脉虚,deficiency
个别部位干燥脱皮,deficiency
中医名词。指机体阳气虚衰,deficiency
中医将体质虚弱称体虚,deficiency
中医称为脾胃虚弱,deficiency
中医认为是以脏腑阴虚为主因,deficiency
中气下陷,deficiency
中气不足,deficiency
为中医名词术语。泛指因脾气虚损引起的一系列脾脏生理功能失常的病理现象及病证。包括脾气虚,deficiency
为正常现象。因气虚不摄,deficiency
为肝血虚,deficiency
主要是气血两虚所致,deficiency
久则虚眩不已。是鼻科常见病,deficiency
久病多虚中夹实或虚证。深圳胃肠专家陈春莲说治当分别情况,deficiency
久痢多虚证。痢疾的治疗,deficiency
也有虚实寒热之别,deficiency
亦可持续累及心脏而致其衰竭。,deficiency
亦可见于阳虚津不上承者。,deficiency
亦指由视神经衰弱所引起的畏光症状。,deficiency
产后恶露是指产后随子宫蜕膜脱落,deficiency
人之身阴阳的盛衰,deficiency
以五脏虚证为主要临床表现的多种慢性虚弱症候的总称。,deficiency
以胃阴不足为主,deficiency
以脏腑功能衰退,deficiency
伤口或疮口痊愈后血痂自行脱落,deficiency
但有实火与虚火的区别,deficiency
但须根据虚实不同情况分别处理,deficiency
供血不足。本证为临床常见的虚弱证侯。多为久病体弱,deficiency
元气虚也。”《临证指南医案·喘》提出：“在肺为实,deficiency
先天性脱位及病理性脱位等几种情形。关节脱位后,deficiency
关节脱位也称脱臼,deficiency
其脆弱性和敏感性更仅次于眼皮,deficiency
内热进而化虚火。根据病机不同,deficiency
再审证候虚实,deficiency
则呼吸微弱而少气。胸痛少气者,deficiency
则属于虚证,deficiency
则语言不接续和呼吸勉强。呼吸微弱而喘促,deficiency
卫外不固,deficiency
即由于外来之寒邪或者是人体脾肾阳虚所生之内寒停滞在女性胞宫,deficiency
卵巢早衰,deficiency
又可帮助脱痂。,deficiency
又称气阴两伤。气虚和阴虚同时并见的病理变化。常见于热性病过程中,deficiency
又称虚损,deficiency
发育生殖等功能减退所致的病症。肾精不足多由先天发育不良,deficiency
可出现在许多疾病的过程中。临床辨证以虚实为纲。治疗以和胃降逆为原则,deficiency
可继发气阴两虚的恶阻重症。,deficiency
可见于疝病等多种病证。痛而喜按为虚,deficiency
同时配合行气活血利水。由于本病总属本虚标实错杂,deficiency
呕恶不纳,deficiency
呼吸微弱,deficiency
咳嗽等症状。由脾肾虚寒引起的,deficiency
四肢疼痛的发生主要是由于机体内正气不足,deficiency
因此子宫脱垂还可同时伴有膀胱尿道和直肠膨出,deficiency
在我国神经衰弱的诊断也明显减少。,deficiency
在肾为虚。”,deficiency
多为阴虚或血虚所致,deficiency
多由于元气大虚所致。,deficiency
多由热盛伤津或阴液亏虚所致,deficiency
多见于阳虚虚寒的病人,deficiency
夭然不泽。”又名脱血。,deficiency
夭然不泽。”又名脱血。阴血亏损脱失之证。出《灵枢·决气》：“血脱者,deficiency
如果阳虚则机体功能减退,deficiency
如肺气虚,deficiency
子宫脱垂（uterine prolapse）是指子宫从正常位置沿阴道下降,deficiency
容易出现虚寒的征象。常见的有胃阳虚,deficiency
寒热虚实夹杂者宜通涩兼施,deficiency
寒疝是一种急性腹痛的病症。见《金匮要略》。由脾胃虚寒,deficiency
尤以肺气虚损,deficiency
尤其是以脾肾阳虚多见。,deficiency
属于阴虚内热的症候,deficiency
属祖国医学“虚劳”范畴。中医治疗白细胞减少症采用益气养血,deficiency
工作能力减弱,deficiency
并将虚弱分为气虚,deficiency
并弱于健康时的运动范围,deficiency
并无虚坐努责,deficiency
并自觉心胸烦热。多由阴虚火旺,deficiency
往往伴有血容量减少引起的急性周围循环衰竭,deficiency
心绞痛（angina pectoris）是冠状动脉供血不足,deficiency
心血不足,deficiency
心血不足就是心脏有疾,deficiency
急性循环衰竭等为常见诱因。,deficiency
情志不畅和脾胃素虚等病因而引发。胃是主要病变脏腑,deficiency
愈合后造成脱发,deficiency
或久病体虚所引起。脾有运化食物中的营养物质和输布水液以及统摄血液等作用。脾虚则运化失常,deficiency
或产后血虚,deficiency
或椎间盘脱出,deficiency
或病后中气不足,deficiency
或病后虚热不清及火热内郁所致。是虚损劳瘵等病的常见症之一。治宜滋阴降火,deficiency
或睡眠不足,deficiency
或短气不足以吸,deficiency
或经期缩短不足两天,deficiency
或脾肾阳虚等原因引起的以排便次数增多,deficiency
或脾胃功能虚弱,deficiency
或脾胃气虚而化运失健所致。常见于胃及肝,deficiency
或脾胃虚寒不能运化水谷,deficiency
或脾胃虚弱,deficiency
或自身阳虚阴盛或机体机能失调所造成。,deficiency
或阴虚火旺,deficiency
把慢性疾病的虚弱称虚证,deficiency
指因呼吸短促而不相接续的情况。即呼吸短促而不相接续之意。可见于很多疾病的过程中。有虚有实。实证多突然发病,deficiency
指正气虚而兼有内寒的症候。表面为食欲不振,deficiency
按之硬满的症候。多因胃气虚弱,deficiency
故令身体虚热,deficiency
故能维持正常数量的头发。病理性脱发是指头发异常或过度的脱落,deficiency
故骨髓之气不足,deficiency
早产是指妊娠满28周至不足37周间分娩者,deficiency
是指多因久病体虚,deficiency
是指胃中空虚,deficiency
是由于禀赋薄弱,deficiency
有肥白气虚多痰人,deficiency
有虚实之分。,deficiency
本病是一种非瘢痕性脱发,deficiency
本虚为主者,deficiency
机能减退或衰弱,deficiency
正气不足而致病。,deficiency
气少不足于言……由里气因痰或食或饮碍其升降之路使然。”,deficiency
气虚等因素关系最为密切,deficiency
气血阴阳亏损,deficiency
气阴两虚,deficiency
气随液脱,deficiency
水停腹中。本病多属本虚标实之证。标实为主者,deficiency
泄实不忘虚。,deficiency
泛指机体正气不足,deficiency
注下。多因脾胃虚弱,deficiency
津液耗伤或年老体弱,deficiency
津血不足等因所致。,deficiency
烫伤部有皮肤脱落,deficiency
热等邪气乘虚而入,deficiency
燥咳是病名。是因肺虚液少或燥邪伤肺所致的咳嗽。其证咳嗽痰少,deficiency
甚至如线的脉。脉细表示虚证,deficiency
甚至子宫全部脱出于阴道口以外,deficiency
甚至每个小时都出现。天气和环境温度可加重潮热的发作。中医一般认为病机为阴虚,deficiency
生成不足,deficiency
用大和中饮。脾虚者,deficiency
男子因真阳不足而引起精气清冷,deficiency
病后体虚,deficiency
病性有虚有实。俗称：“岔气”。临床上可见于肋间神经痛,deficiency
病机有寒热虚实之分。咳喘与痰密切相关,deficiency
病状名。指面部呈现枯萎晦黄的病色。多因脾胃虚弱,deficiency
病证名。因脏腑虚弱所致的泄泻。见《医学入门》卷五。又称虚泄。多属脾肾虚弱。症见困倦无力,deficiency
症名。即腰膝软弱无力。轻者称腰软,deficiency
痹病泛指机体正气不足,deficiency
瘦弱,deficiency
直肠壁全层下移称完全脱垂。,deficiency
真阴亏损,deficiency
睡眠不足,deficiency
短促等证候。《灵枢·经脉》：“少气不足以息。”又：“其小而短者少气。”可因脏气虚弱,deficiency
神经衰弱的概念经历了一系列变迁,deficiency
神经衰弱（neurasthenia）在中国属于神经症的诊断之一。是由于长期处于紧张和压力下,deficiency
禀赋不足,deficiency
称为直肠脱垂（rectal prolapse）。直肠壁部分下移,deficiency
称黏膜脱垂或不完全脱垂,deficiency
空虚如 鼓,deficiency
突然心跳欲厥之证。《诸病源候论·虚劳病诸候》均有相关记载。,deficiency
素体阴虚,deficiency
素有脾胃虚弱,deficiency
老光等屈光不正及身体衰弱的人。,deficiency
而且是软弱无力的。尽管细小,deficiency
肌肉瘦弱,deficiency
肝火或阴虚火旺所致。常见于中医学的暴风客热,deficiency
肝经虚寒,deficiency
肠鸣声低弱而和缓,deficiency
肢体软弱无力。生理状态下,deficiency
肺虚气弱,deficiency
肾亏,deficiency
肾气亏耗为常见。《诸病源候论·少气候》：“所由藏气不足故也。肺主于气而通呼吸,deficiency
肾精不足为肾精亏虚,deficiency
肾阳虚等。阳虚主证为畏寒肢冷,deficiency
肾阴虚,deficiency
胃中空虚,deficiency
胃阴不足是中医术语。它是由胃病久延不愈,deficiency
胞衣（胎盘）仍不能自动排出的病症。多由分娩后元气大虚而无力排出胞衣,deficiency
脉多细弱。轻者属脾,deficiency
脱出至阴户口或阴户外。,deficiency
脱发是指头发脱落的现象。正常脱落的头发都是处于退行期及休止期的毛发,deficiency
脱屑（desquamation)常见于正常皮肤表层不断角化和更新,deficiency
脱臼等,deficiency
脾虚,deficiency
脾虚气滞是一种疾病,deficiency
脾阳虚,deficiency
脾阳虚等等。,deficiency
腠理不固,deficiency
腰膝酸软（soreness and weakness of waist and knees）为中医肝肾亏损的一种症状。表现为腰部和膝部的酸软无力,deficiency
腰酸（soreness of loins）指腰部酸楚不适。临床以肾虚较为常见。腰酸与腰痛有相似之处,deficiency
致使气血亏少,deficiency
致气血阴阳亏虚,deficiency
营养不足,deficiency
营血虚热致白发,deficiency
藏气不足,deficiency
虚,deficiency
虚人停痰饮,deficiency
虚劳,deficiency
虚劳等所致。多兼见郁闷不寐,deficiency
虚喘者无邪,deficiency
虚实之不同,deficiency
虚弱而生内热,deficiency
虚汗淋漓,deficiency
虚火上扰,deficiency
虚火上浮而致,deficiency
虚烦是因虚而致心胸烦热者。由伤寒汗,deficiency
虚热,deficiency
虚脱是以面色苍白,deficiency
虚证多实久病,deficiency
血液生化不足,deficiency
血脱是病证名。阴血亏损脱失之证。出《灵枢·决气》：“血脱者,deficiency
血虚,deficiency
血虚津亏不能下润大便而致。,deficiency
补虚不忘实,deficiency
见於血虚者,deficiency
视物昏花属于“肝肾亏损”。过度用眼,deficiency
视物昏花等其他肾虚症状。治疗宜排除泌尿系统,deficiency
身体各个器官都在逐渐衰退,deficiency
软弱无力的,deficiency
输卵管等脏器通过人体正常的或不正常的薄弱点或缺损,deficiency
这种寒多为“虚寒”。所以,deficiency
这种病理产物的寒可由人体脾肾阳虚,deficiency
通过先天或后天形成的薄弱点,deficiency
邪气乘虚而入,deficiency
邪热乘虚客于胸中,deficiency
重者称腰膝痿弱。多因肝肾亏损,deficiency
长期疲劳而致人身体衰弱,deficiency
阳气不足,deficiency
阳气不足则早凉,deficiency
阳热不足的病理现象。阳气有温暖肢体,deficiency
阳痿多因命门火衰或心脾受损或恐惧伤肾所致。,deficiency
阳虚四种类型,deficiency
阳虚弱的类型,deficiency
阳虚（yang deficiency）,deficiency
阴不足则先热后寒。”其病机是邪入半表半里,deficiency
阴津亏虚则夜热。,deficiency
阴虚,deficiency
阴虚火旺,deficiency
阴虚阳亢所致。古代文献中,deficiency
阴血亏损等方面。常见于脑系疾病,deficiency
阴阳亏虚,deficiency
阴阳相胜也。阳不足则先寒后热,deficiency
阴阳衰竭及其他强烈刺激等,deficiency
随着医生对神经衰弱认识的变化和各种特殊综合征和亚型的分出,deficiency
面色苍白（pale complexion）是由于脸部毛细血管充盈不足引起,deficiency
须发早白是一种疾病。在中医学则认为发须早白主要有以下列三种主要原因：肾阴亏损致白发,deficiency
颈椎间盘脱出症的总称,deficiency
食欲不振,deficiency
食欲不振是指进食的欲望降低。完全的不思进食则称厌食。,deficiency
骨骼突出等旁证。至于脱水与水肿消退后的体重下降,deficiency
髓核突出或脱出,deficiency
18岁之前出现的则称为精神发育迟滞,excess
“天行赤眼”等。 目赤肿痛常见于西医学的急性结膜炎,excess
“寒”在中医中还指病理产物之寒积聚在人体经脉脏腑中,excess
“阻病”。多因脾胃虚弱或肝胃不和导致冲气上逆,excess
一曰风助火郁于上,excess
一般难以闻及。当肠道功能异常或阻塞不通时,excess
不伴有明显的甲状腺功能亢进或减退,excess
不易睁开。有的病人结膜上出现小出血点或出血斑,excess
不清洁的脐带结扎,excess
不结胸,excess
不能平卧为临床特征的病症。明代张景岳把喘证分为实喘和虚喘。《景岳全书·喘促》：“实喘者有邪,excess
与肝胆脾胃关系密切。癫病以精神抑郁,excess
且以偏肥胖体型为多见。当今胆胀的发病率呈上升趋势其原因可能与人们饮食结构的变化有关。中医药治疗本病效果较好,excess
中医病名。积滞是因小儿喂养不当,excess
中医病症名。指因痰盛气闭而引起四肢厥冷,excess
中医病症名。指由气管积痰而引起的呼吸不畅,excess
为冷结在膀胱关元,excess
为胃中之浊气上逆,excess
久病多虚中夹实或虚证。深圳胃肠专家陈春莲说治当分别情况,excess
九积之一。食滞不消,excess
也可由于情志郁结,excess
也有虚实寒热之别,excess
习惯性抽搐。中医认为引起抽搐的病因病机主要有热毒内盛,excess
乳房部的结核性疾病,excess
二曰火盛,excess
亢奋妄动,excess
亦可引起胃热（胃火）。中医分为热郁胃中,excess
人之身阴阳的盛衰,excess
代谢物积累学说和能源耗尽学说较有代表性。中枢学说认为,excess
令痰气结聚不散,excess
以后可发展为多结节性肿大。,excess
以致或湿浊阻滞,excess
以致气血凝滞而成。其包括了体表上的肿疡及溃疡,excess
以致结脓成痈的急性化脓性病证。多发于产后哺乳的产妇,excess
传染性结膜炎,excess
但有实火与虚火的区别,excess
但流行程度和危害性以病毒性结膜炎为重。本病全年均可发生,excess
但粪质干结,excess
但腹中有气体积聚,excess
但须根据虚实不同情况分别处理,excess
体腔内体液增多则称积液。根据分布范围,excess
俗称疬子颈。多见于青少年及原有结核病者,excess
假性结膜炎以及流行性角膜炎等,excess
停滞不化,excess
停滞在人体的经脉,excess
停积胃肠,excess
健康人肢体各种感觉的传递取决于大脑中枢至肢体神经通路的畅通无阻。如果在这一神经通路上的某一局部出现障碍,excess
元气虚也。”《临证指南医案·喘》提出：“在肺为实,excess
全身性水肿时往往同时有浆膜腔积液,excess
其产生是由于工作过程中代谢物（如乳酸）的不断产生与积累,excess
其他器官的疾病也可引起腰痛。如泌尿系炎症或结石,excess
再如湿阻引起,excess
再审证候虚实,excess
凡离开经脉之血不能及时消散和瘀滞于某一处,excess
则属于实证,excess
则肠鸣音高亢而频急。临床根据作响的部位及声音来判断病变部位和病变性质。,excess
初病多实,excess
初起乳房内出现 一结块如桃李,excess
劳淋六证。基本病机为湿热蕴结下焦,excess
即手足发凉冷。又称四逆,excess
即火痰也。”证见烦热燥结,excess
即由于外来之寒邪或者是人体脾肾阳虚所生之内寒停滞在女性胞宫,excess
卵巢性闭经,excess
厥逆上出,excess
参用六君汤。参见肉积,excess
又分外痹与内痹。痹者闭也。广义的痹病,excess
及天时郁勃而然也。”“此皆素抱痰疾者,excess
发为痢疾。暴痢多实证,excess
发生于儿童者称喊叫小结,excess
古病名-因气逆于上,excess
可以自行或通过治疗而逆转。,excess
可出现在许多疾病的过程中。临床辨证以虚实为纲。治疗以和胃降逆为原则,excess
可分为细菌性结膜炎和病毒性结膜炎两类,excess
可用当归四逆汤加吴萸,excess
可用肘膝位叩诊法证实,excess
可继发气阴两虚的恶阻重症。,excess
合理调节饮食结构,excess
同时配合行气活血利水。由于本病总属本虚标实错杂,excess
呃逆即打嗝,excess
呃逆等,excess
咽结膜热,excess
噫气腹胀。”治宜行气解郁。《杂病源流犀烛·诸气源流》“一切气郁,excess
四肢厥逆,excess
因其在睑结膜表面形成粗糙不平的外观,excess
因感受风邪或风热怫郁而发的病证。《泰定养生主论》：“风痰者,excess
因风热客于肠胃或湿热蕴积肠胃,excess
在应激面前适度的焦虑具有积极的意义,excess
均称“烦热”。多由于里热过盛,excess
坚结胶固,excess
坚结胶固之痰。亦称老痰,excess
垂体性闭经,excess
塞滞不畅,excess
壅阻少阳经脉引起的时行疾病。以发热,excess
声带小结又称歌唱者小结或教师小结,excess
外界温度变化和过度吸烟亦可引起。呃逆频繁或持续24小时以上,excess
多伴有嗳气症状。自胃部上升的气体或酸性液体导致嗳气（呃逆）发生,excess
多因气血逆乱,excess
多属实火,excess
多是由于结核杆菌侵入颈部所引起的特异性感染,excess
多由热盛伤津或阴液亏虚所致,excess
大便干结,excess
大便秘结,excess
大便粘结,excess
大便酸臭或便秘为特征。食积又称积滞。与西医学消化不良相近。本病一年四季皆可发生,excess
大脑有关区域持续兴奋导致的抑制性保护及抑制在大脑中的扩散是其产生的根本原因。代谢物积累学说认为,excess
子宫内膜炎等引起的经期延长。宫内节育器和输卵管结扎后引起的经期延长也按本病治疗。本病一般预后良好。,excess
子宫性闭经以及下生殖道发育异常性闭经,excess
子宫或阴道结构异常,excess
宜温补汤。痛而拒按为实,excess
实不同,excess
实施治。,excess
容易在体内积累毒素,excess
寒湿结于肠腑,excess
寒热虚实夹杂者宜通涩兼施,excess
尿路结石,excess
尿路结石是最常见的泌尿外科疾病之一。男性多于女性,excess
属里实热证,excess
巴豆。”《杂病源流犀烛·积聚症瘕痃癖痞源流》：“食积,excess
常与肝脾等脏有密切关系。胃气郁滞,excess
常因邪闭,excess
当今大城市职业妇女中50%-70%都有不同程度的乳腺增生。乳腺增生症常表现为乳房疼痛和乳腺摸到结节,excess
心律失常（arrhythmia）是由于窦房结激动异常或激动产生于窦房结以外,excess
急性梗阻性化脓性胆管炎等,excess
总宜以化滞为主。”用气郁汤,excess
患者常有传染病接触史。本病与西医学之急性传染性结膜炎相似。,excess
感染产物及坏死组织亦为形成结石之核心,excess
感染性疾病等疾病引起。其理论有：①组织牵引：肌肉损伤而起。②肌肉痉挛：肌肉的反复性抽筋而起。③结缔组织：肌肉的结缔组织受伤（如肌腱）而起。事实上,excess
成为“妊娠恶阻”。亦称为“子病”,excess
成积痞闷也,excess
或为眼烂喉闭,excess
或产时感受外寒而气血凝滞所致,excess
或刚一闭眼而将入睡之时,excess
或因风热怫郁而然也。此皆素抱痰疾者,excess
或干呕呃逆,excess
或情志郁结,excess
或横逆的病理变化。临床以肺气上逆,excess
或热盛耗伤津液,excess
或病后虚热不清及火热内郁所致。是虚损劳瘵等病的常见症之一。治宜滋阴降火,excess
或痰火暴亢,excess
或痰饮瘀血阻滞,excess
或肝经郁结,excess
或肝胆郁结,excess
或脾损气滞,excess
或自身阳虚阴盛或机体机能失调所造成。,excess
所谓“积水成饮,excess
指伤口或疮口表面上由血小板和纤维蛋白凝结而成的块状物,excess
指单位容积血液中红细胞数高于正常值高限。一般认为经多次检查成年男性红细胞＞600万,excess
指因呼吸短促而不相接续的情况。即呼吸短促而不相接续之意。可见于很多疾病的过程中。有虚有实。实证多突然发病,excess
指妇女妊娠期中出现的烦躁心悸的病症。西医妊娠期间出现抑郁症可参考本病。,excess
指气从胃中上逆,excess
指牙关紧闭,excess
指的是成肝气郁结,excess
指胃气上逆动膈,excess
指腹腔内游离液体的过量积聚,excess
指食物停滞胃中不消化。,excess
排尿困难及小便完全闭寒不通。出《伤寒论·辨太阳病脉证并治》。,excess
故名沙眼。本病病变过程早期结膜有浸润,excess
无法正常运化水湿而使寒凉之气停滞在人体经脉脏腑中,excess
日久成积者。《儒门事亲》卷三：“食积,excess
是一种临床症状而并非某一疾病。按生殖轴病变和功能失调的部位分为下丘脑性闭经,excess
是指睡眠不实,excess
是热病后余毒结于颐颌间引起的急性化脓性疾病。临床特点是常发生于热病后期,excess
晚期由于受累的睑结膜发生瘢痕,excess
暑湿俱盛之时,excess
最终粪便中水分仅约100～200ml。若进入结肠的液体量超过结肠的吸收能力或（和）结肠的吸收容量减少,excess
有人将其分为与代谢因素有关的结石和感染性结石。细菌,excess
有时在睑结膜表面形成一层灰白色假膜,excess
有虚实之分。,excess
有重滞欲下不下之感,excess
有食积停滞和腹痛感,excess
果菜积等条。,excess
枳实,excess
横逆犯胃,excess
此类症状常伴有广泛而多变的气流阻塞,excess
气机上逆,excess
气机受阻,excess
气机呆滞等所致。常见于喉喑,excess
气机郁结所致。《丹溪心法·六郁》：“气郁者,excess
气滞,excess
气血壅滞,excess
气血逆乱,excess
气逆上冲,excess
气逆于上,excess
气逆于上所致的一种病证,excess
气逆（reversed flow of qi）,excess
气郁一词出《素问·六元正纪大论》,excess
气郁化火而寻致胃阴耗伤。其主要临床表现是：胃部隐痛,excess
水停腹中。本病多属本虚标实之证。标实为主者,excess
水的偏盛,excess
沉默呆滞,excess
沙眼是由沙眼衣原体引起的一种慢性传染性结膜角膜炎,excess
沙石淋。多因下焦积热,excess
治以理气解郁,excess
泄实不忘虚。,excess
浮肿是机体细胞外液中水分积聚所致的局部或全身肿胀。浮肿与身体很多器官的病变有关,excess
消食导滞等法治疗。,excess
淋巴结肿大等全身症状,excess
湿滞或感受秽浊之邪,excess
湿热痢重症。多因湿浊热毒蕴结肠中,excess
湿热等邪气痹阻腰膝所致。,excess
湿热蕴结于下焦,excess
湿热阻于肾与膀胱,excess
溃面有糜烂的现象。中医认为由脾胃积热,excess
溶石化结。,excess
满闷不舒的症状。可因肝胃气机阻滞,excess
热壅,excess
牙关紧闭,excess
牙关紧闭为一种临床症状,excess
牙结石,excess
牙龈（gingiva）是指覆盖于牙槽突表面和牙颈部周围的口腔黏膜上皮及其下方的结缔组织。牙龈肿痛主要是牙龈有炎症而表现出的一种症状,excess
特别是结肠与直肠病变的出血,excess
狂病以精神亢奋,excess
甚至发生晕厥跌倒的现象。中医理论认为这是痰气上逆所致,excess
甚至溃疡久不愈合。多由心脾积热,excess
用火郁汤加减。亦可选用知柏地黄丸,excess
由横膈膜痉挛收缩引起的。健康人也可发生一过性呃逆,excess
留滞生热,excess
疳积以神萎,excess
病名。指多种原因所致的急性阻塞性喉病。症见咽喉肿痛迅速,excess
病性有虚有实。俗称：“岔气”。临床上可见于肋间神经痛,excess
病机有寒热虚实之分。咳喘与痰密切相关,excess
病症名。多为胞内有实热,excess
病证名。因风痰上壅,excess
病证名。指痰气上逆而致头痛。《古今医鉴》将之归于“厥头痛”范畴。《外台秘要》卷八：“痰厥头痛方：《病源》（指《诸病源候论》）谓,excess
病证名。指痰热壅阻于肺,excess
病证名。指胸与横隔部滞塞堵闷。,excess
痈肿相互连结成块,excess
痈肿触之坚实,excess
痊愈后可能留下瘢痕。尿囊素可保护伤口结痂,excess
痰核和停滞在脏腑经络等组织中的痰液,excess
痰涎壅盛,excess
痰热阻肺,excess
瘀交结,excess
瘀血停滞等因所致。,excess
瘀血阻滞心脉,excess
瘀血阻络,excess
皮肤出现苔癣样结节或斑块,excess
盛气凌人,excess
目赤是指眼结膜充血,excess
眵多粘结,excess
眼及颈部淋巴结等,excess
睡眠不实,excess
睫状体等组织病变或烟尘和化学物品等因素刺激所引起的泪液分泌过多。第二种是由于泪道系统阻塞,excess
神机逆乱。其病位在心,excess
积滞,excess
称为“胃纳呆滞”,excess
称为十二指肠胃食管反流。多由于贲门功能不全和胃功能障碍逆蠕动致酸性胃液反流至口腔。反酸只是症状,excess
称为难治性呃逆,excess
粪便干结。正常人每天排便1～2次或2～3天排便1次,excess
粪质硬结,excess
精神萎靡（listlessness）是一种精神异常现象。是抑郁症的一大症状,excess
紧闭声门,excess
约4～5∶1。 尿路结石在肾和膀胱内形成。上尿路结石与下尿路结石的形成机制,excess
纳呆便溏为主要表现的儿科病证。多见于1～5岁儿童。 疳积多因饮食不节,excess
经络痹阻,excess
结,excess
结合心,excess
结如胶而坚,excess
结核,excess
结核病,excess
结核（肿大的淋巴结）累累如串珠,excess
结痰,excess
结痰也。”“郁痰即结痰,excess
结痰条。,excess
结石基质和晶体抑制物质学说是结石形成的三种最基本学说。根据上尿路结石形成机制的不同,excess
结石成份和流行病学有显著差异。上尿路结石大多数为草酸钙结石。膀胱结石中磷酸镁铵结石较上尿路多见。成核作用,excess
结积所生也。言阴阳否隔,excess
结缔组织疾病等。腹水定量诊断除影像学检查外,excess
结聚於腹中而致。症见脐周绞痛,excess
结肠及直肠。上消化道出血是指十二指肠悬韧带（Treitz韧带,excess
结膜炎也可以引起畏光,excess
结膜炎时大都有不同程度的畏光流泪。多见于角膜异物,excess
结节型,excess
结节等多形性皮损为特点。,excess
而阴气逆上与风痰相结,excess
耳前淋巴结肿大等全身症状。,excess
耳鸣是累及听觉系统的许多疾病不同病理变化的结果,excess
肌肉纤维变细甚至消失等导致的肌肉体积缩小。多由肌肉本身疾患或神经系统功能障碍所致,excess
肘等关节积液,excess
肝郁气滞致白发。,excess
肺气上逆则咳嗽,excess
肺热咳嗽是由于肺内郁热,excess
肺痈是指由于热毒瘀结于肺,excess
胃气上逆,excess
胃气上逆为多见,excess
胃气上逆则恶心,excess
胃气壅塞,excess
胃肠实热而引起。,excess
胆结石,excess
胆腑气郁,excess
胞宫内的瘀血和浊液留滞 或伴有小腹疼痛,excess
胸满呕逆,excess
胸胁痛是指因感受外邪或情志失调或饮食不节或跌打损伤等原因导致的脉络失养或闭阻而引起的以胸胁部疼痛为主的一种病症。病位在肝胆,excess
胸腔积液和心包腔积液。全身性水肿主要有心源性水肿,excess
胸部和腋下。相当于现代医学的淋巴结核,excess
脉来洪盛有力或脉来躁急如喘的严重病证,excess
脉沉涩。”《证治汇补·郁证章》：“气郁,excess
脏腑经络气血为之痹阻而引起的疾病,excess
脑脉痹阻或血溢于脑所致。以突然昏仆,excess
脘痞等暑湿郁遏肌表证候为主要特点。如暑湿困阻中焦,excess
脘腹及四肢关节等处。因寒邪阻络所致,excess
脾虚气滞是一种疾病,excess
膀胱结核,excess
自觉咽喉部似有物梗阻不适,excess
致使气血凝滞,excess
致痰气郁结,excess
致食积停滞,excess
舌红苔黄等热盛之症。,excess
若一闭塞,excess
若滞下则不然,excess
茯苓补心汤等方。火郁而宜升发者,excess
虚劳等所致。多兼见郁闷不寐,excess
虚实之不同,excess
虚证多实久病,excess
血点是也。”多见于肺结核,excess
补虚不忘实,excess
表实,excess
表现先是声门关闭,excess
表现是上下牙列紧密闭锁,excess
见于抑郁症或抑郁状态。,excess
证名。胁肋部发胀作痛之证。见薛己注《明医杂著·痰饮》。由气郁痰凝,excess
证名。自觉头部胀重不适。外感内伤均可引起。外感多因湿热郁蒸所致。,excess
越鞠丸等方。若气郁生痰者,excess
运行受阻,excess
这种寒多为“实寒”。另一方面,excess
进食后有饱滞之感的症状,excess
逆从下上散,excess
逆害饮食,excess
邪毒亢盛,excess
邪气实也,excess
邪气逆结所致,excess
郁痰。《症因脉治》卷二：“顽痰,excess
郁积于经脉或器官之内呈凝滞状态,excess
郁结不能渗泄故也。”,excess
郁闷不乐等情况均能偶然引起该病的发生,excess
闭塞心窍,excess
闭塞清阳所致眩晕。见《医学正传·眩运》。《杂病源流犀烛·头痛源流》：“风痰闭壅眩晕,excess
闭眼,excess
闭经,excess
闭阻经络,excess
阳气被阻,excess
阳热内盛,excess
阴虚阳亢所致。古代文献中,excess
阻滞或经异常通道传导,excess
阻隔于食管所致。以进食哽噎不顺或食不得入,excess
降逆,excess
需积极治疗定期检查,excess
需要助产或剖宫产结束分娩的情况。临床上的表现是分娩过程缓慢,excess
面积,excess
鞘膜腔积液。,excess
顽痰。”详见郁痰,excess
颏部等都有结节,excess
风和热相结合的病邪,excess
食内阻,excess
食欲亢进及食欲反常三种,excess
食滞,excess
食积,excess
食积内阻所致者。《䱐溪陆氏医述·病症辨异》：“少气者,excess
饮食停滞一般指消化不良,excess
饮食积滞证,excess
骨折是指骨结构的连续性完全或部分断裂。多见于儿童及老年人,excess
“寒”在中医中还指病理产物之寒积聚在人体经脉脏腑中,yin
“寒气客于胃,yin
“流秽物”。造成白带异常,yin
“阴蠚”等。 西医学“外阴瘙痒症”,yin
“阻病”。多因脾胃虚弱或肝胃不和导致冲气上逆,yin
一般不易察觉。病理状态下可见大量皮肤脱屑。,yin
一般多主虚证,yin
一般将虚热进一步分为阴虚火旺和气虚火旺两种病状。,yin
三是关节部位出现畸形。临床上可分损伤性脱位,yin
下颌及手指关节最易发生脱位。关节脱位的表现,yin
不完全性瘫痪和全瘫。轻瘫：表现为肌力减弱,yin
不清洁的脐带结扎,yin
不能平卧为临床特征的病症。明代张景岳把喘证分为实喘和虚喘。《景岳全书·喘促》：“实喘者有邪,yin
不象微脉那样模糊不清按：脉来沉细如丝,yin
与夫阳 明之 脉虚,yin
个别部位干燥脱皮,yin
中医名词。指机体阳气虚衰,yin
中医将体质虚弱称体虚,yin
中医病名。婴儿白天能安静入睡,yin
中医病名。是指妇女外阴瘙痒,yin
中医病名。本病白睛暴发红赤,yin
中医病症名。出《伤寒论•辨厥阴病脉证并治》。三阴头痛之一。《兰室秘藏•头痛门》：“厥阴头项痛,yin
中医病症名。指因痰盛气闭而引起四肢厥冷,yin
中医病证名。多由外感寒邪,yin
中医症状名。凡患者自觉怕冷,yin
中医称为脾胃虚弱,yin
中医认为是以脏腑阴虚为主因,yin
中气下陷,yin
中气不足,yin
临床上常以血红蛋白（Hb）浓度来代替。我国血液病学家认为在我国海平面地区,yin
为中医名词术语。泛指因脾气虚损引起的一系列脾脏生理功能失常的病理现象及病证。包括脾气虚,yin
为冷结在膀胱关元,yin
为正常现象。因气虚不摄,yin
为肝血虚,yin
主要是气血两虚所致,yin
久则虚眩不已。是鼻科常见病,yin
久病多虚中夹实或虚证。深圳胃肠专家陈春莲说治当分别情况,yin
久痢多虚证。痢疾的治疗,yin
久而伤及气阴,yin
久而损伤阴络,yin
也可能是疾病的一种表现。目前发生的机制不是完全清楚,yin
也就是病理性白带的原因很多,yin
也有虚实寒热之别,yin
也有说是性欲减退。性冷淡与性快感缺乏是两个不同的概念,yin
亦为厥阴头痛之证候特色（见陆定圃《冷庐医话•头痛》）。以巅顶,yin
亦可持续累及心脏而致其衰竭。,yin
亦可见于阳虚津不上承者。,yin
亦指由视神经衰弱所引起的畏光症状。,yin
产后恶露是指产后随子宫蜕膜脱落,yin
人之身阴阳的盛衰,yin
仍感寒冷不能缓解的,yin
从阴道分泌而出。在正常的情况下,yin
以五脏虚证为主要临床表现的多种慢性虚弱症候的总称。,yin
以其两寒相感,yin
以初起恶寒,yin
以痰质清稀色白的痰为特征。如由外感风寒而致病的,yin
以神清者为佳。,yin
以胃阴不足为主,yin
以脏腑功能衰退,yin
会阴部位疼痛。其疼痛程度有轻有重,yin
伤及气阴,yin
伤口或疮口痊愈后血痂自行脱落,yin
但有实火与虚火的区别,yin
但白天如常的一种病证。,yin
但须根据虚实不同情况分别处理,yin
体感受寒邪。《灵枢·邪气脏腑病形》：“形寒寒饮则伤肺,yin
供血不足。本证为临床常见的虚弱证侯。多为久病体弱,yin
便白如胶冻,yin
便质稀薄,yin
元气虚也。”《临证指南医案·喘》提出：“在肺为实,yin
先天性脱位及病理性脱位等几种情形。关节脱位后,yin
先有 恶寒,yin
关节脱位也称脱臼,yin
其他阴道排除物。,yin
其发生是由于胆红素代谢障碍而引起血清内胆红素浓度升高所致。临床上表现为巩膜,yin
其寒时自寒而不觉热。与恶寒发热的寒热同时并作不同。《类证活人书》：“往来寒热者,yin
其热时自热而不觉寒,yin
其脆弱性和敏感性更仅次于眼皮,yin
其质或稠或稀的表现。,yin
养阴益胃。,yin
内热进而化虚火。根据病机不同,yin
再审证候虚实,yin
冒冷汗,yin
冷汗,yin
则出现恶寒肢冷,yin
则呼吸微弱而少气。胸痛少气者,yin
则属于虚证,yin
则语言不接续和呼吸勉强。呼吸微弱而喘促,yin
半夏白术天麻汤,yin
卫外不固,yin
即手足发凉冷。又称四逆,yin
即由于外来之寒邪或者是人体脾肾阳虚所生之内寒停滞在女性胞宫,yin
即称为消瘦。体内脂肪与蛋白质减少,yin
即贪凉涉水,yin
即边界清楚,yin
卵巢早衰,yin
厥冷,yin
厥阴头痛,yin
厥阴所属。小腹痛应辨别气,yin
又可帮助脱痂。,yin
又犯大寒,yin
又称“下白物”,yin
又称“阴门瘙痒”。,yin
又称气阴两伤。气虚和阴虚同时并见的病理变化。常见于热性病过程中,yin
又称虚损,yin
发热恶寒等为主要证候特点。病情有轻重不同,yin
发育生殖等功能减退所致的病症。肾精不足多由先天发育不良,yin
受大自然寒邪侵袭,yin
受寒,yin
可伴恶风寒。,yin
可出现在许多疾病的过程中。临床辨证以虚实为纲。治疗以和胃降逆为原则,yin
可继发气阴两虚的恶阻重症。,yin
可见于疝病等多种病证。痛而喜按为虚,yin
可选用清骨散,yin
同时可伴腰痛发凉,yin
同时增加胃蛋白酶的活性,yin
同时配合行气活血利水。由于本病总属本虚标实错杂,yin
吐清水,yin
吴茱萸汤主之。”又：厥阴脉会于巅顶,yin
呈黄色或黄绿色。脓液是机体组织炎症过程中形成的浓稠或稀薄的渗出物,yin
呕恶不纳,yin
呼吸微弱,yin
和阴,yin
咳吐清稀,yin
咳嗽喘促等。治以清肺,yin
咳嗽声音清脆,yin
咳嗽等症状。由脾肾虚寒引起的,yin
咽喉部出现白色腐膜,yin
喜冷畏热,yin
喜暖畏寒,yin
四肢厥冷,yin
四肢清冷,yin
四肢疼痛的发生主要是由于机体内正气不足,yin
因寒,yin
因此子宫脱垂还可同时伴有膀胱尿道和直肠膨出,yin
因过食寒凉,yin
困倦。出自清·李宝嘉《官场现形记》第三十六回。又指劳累,yin
在《伤寒论》名曰中风（亦称桂枝汤证）,yin
在我国神经衰弱的诊断也明显减少。,yin
在肾为虚。”,yin
坏死的白细胞,yin
坏死蜕膜等组织经阴道排出,yin
复感风寒外邪,yin
外阴炎,yin
外阴白色病变等出现以阴痒为主证时,yin
多为阴虚或血虚所致,yin
多因受寒,yin
多属于阴症,yin
多属外感风寒,yin
多数白带异常为感染或炎症引起,yin
多由于元气大虚所致。,yin
多由热盛伤津或阴液亏虚所致,yin
多见于阳虚虚寒的病人,yin
夜热早凉是指夜间低热,yin
大便溏泄清稀,yin
大便稀臭,yin
大便稀薄,yin
大便稀薄等症状。治疗根据引起纳差的病因病机辨证施治。,yin
大便色灰白如陶土,yin
大致涉及因感受风寒引起发作的偏头痛,yin
夭然不泽。”又名脱血。,yin
夭然不泽。”又名脱血。阴血亏损脱失之证。出《灵枢·决气》：“血脱者,yin
失音（aphonia ）是指神清而声音嘶哑,yin
女性外阴及阴道瘙痒,yin
女性外阴部皮肤或黏膜有大小不等的疣 赘,yin
如内蕴暑湿而外感风寒,yin
如果阳虚则机体功能减退,yin
如滴虫性阴道炎,yin
如白内障,yin
如白血病,yin
如肺气虚,yin
妇女阴道中排出分泌物,yin
妇女阴道分泌物带红色黏液,yin
妇女阴道分泌物明显增多,yin
妇女阴道分泌物色白,yin
妊娠期间出现的阴道少量出血,yin
子宫或阴道结构异常,yin
子宫脱垂（uterine prolapse）是指子宫从正常位置沿阴道下降,yin
它多发于一年中的寒冷季节,yin
宜和血汤。痛连阴茎,yin
宜补血清热,yin
宫寒顾名思义是“子宫寒冷”的简称。在中医学的文献记载和正式的教科书及相关的中医妇科专著中并无此词条。但是“宫寒”已经成为深入人心的热词,yin
宫颈及子宫内膜腺体分泌物等混合形成白带。正常白带呈白色黏液状或蛋清样,yin
宫颈癌等其他疾病引起。临床表现常见白带增多,yin
容易出现虚寒的征象。常见的有胃阳虚,yin
寒,yin
寒温失调等多种因素导致肝气失舒,yin
寒湿下注,yin
寒湿结于肠腑,yin
寒热往来是发热与恶寒交替出现的一种热型,yin
寒热虚实夹杂者宜通涩兼施,yin
寒疝是一种急性腹痛的病症。见《金匮要略》。由脾胃虚寒,yin
寒痢宜温,yin
寒邪侵入太阳经络,yin
小便清长,yin
小便清长是指小便的次数和每次的量增多,yin
小腹击急。指寒邪侵於厥阴经的痛证。症见阴囊冷痛肿硬,yin
尤以肺气虚损,yin
尤其是以脾肾阳虚多见。,yin
尿液浑浊不清的表现。,yin
局限性边界清楚的大片或小片损害,yin
属于阴虚内热的症候,yin
属祖国医学“虚劳”范畴。中医治疗白细胞减少症采用益气养血,yin
工作能力减弱,yin
常合并有阴道前壁和（或）后壁膨出。阴道前后壁又与膀胱,yin
并将虚弱分为气虚,yin
并弱于健康时的运动范围,yin
并无虚坐努责,yin
并自觉心胸烦热。多由阴虚火旺,yin
广义的“宫寒”,yin
异物刺激性白带,yin
当根据阴阳的不同,yin
形寒肢冷等。,yin
形成肉眼呈灰黄色或黄白色的浓稠状液体。其处理方法主要有：清理伤口感染,yin
往往伴有血容量减少引起的急性周围循环衰竭,yin
心绞痛（angina pectoris）是冠状动脉供血不足,yin
心血不足,yin
心血不足就是心脏有疾,yin
必伴有恶寒,yin
急性循环衰竭等为常见诱因。,yin
性冷淡又分两种类型：有性感缺乏,yin
性冷淡是指性欲缺乏,yin
性冷淡综合征。,yin
性冷淡综合征和无性感缺乏,yin
总因“寒气客于肠胃,yin
恶寒,yin
恶寒与发热交替发作,yin
恶寒发热,yin
恶寒无汗,yin
恶寒较轻,yin
恶风寒,yin
情志不畅和脾胃素虚等病因而引发。胃是主要病变脏腑,yin
愈合后造成脱发,yin
感受寒邪,yin
感寒停湿及热迫肠胃所致。,yin
或久病体虚所引起。脾有运化食物中的营养物质和输布水液以及统摄血液等作用。脾虚则运化失常,yin
或产后血虚,yin
或产时感受外寒而气血凝滞所致,yin
或兼见面白色枯,yin
或寒湿,yin
或椎间盘脱出,yin
或热病后期阴液尚未恢复,yin
或病后中气不足,yin
或病后虚热不清及火热内郁所致。是虚损劳瘵等病的常见症之一。治宜滋阴降火,yin
或睡眠不足,yin
或短气不足以吸,yin
或突然高热寒战,yin
或红白相 杂如鱼脑,yin
或经期缩短不足两天,yin
或脾肾阳虚等原因引起的以排便次数增多,yin
或脾胃功能虚弱,yin
或脾胃气虚而化运失健所致。常见于胃及肝,yin
或脾胃虚寒不能运化水谷,yin
或脾胃虚弱,yin
或自身阳虚阴盛或机体机能失调所造成。,yin
或见赤白相兼,yin
或赤白兼下,yin
或阴虚火旺,yin
或阴道少量流血者,yin
或风寒侵袭,yin
手脚凉,yin
手足厥冷,yin
手足厥冷。,yin
把慢性疾病的虚弱称虚证,yin
指伤口或疮口表面上由血小板和纤维蛋白凝结而成的块状物,yin
指周围白细胞计数持续下降所引起的一组症状。典型表现为头晕,yin
指因呼吸短促而不相接续的情况。即呼吸短促而不相接续之意。可见于很多疾病的过程中。有虚有实。实证多突然发病,yin
指正气虚而兼有内寒的症候。表面为食欲不振,yin
指热病过程中发于肌表的斑和疹两种证候。见《伤寒九十论·发斑证》。斑和疹虽系两证,yin
指由于阴阳失调,yin
"指背部自觉冷凉感而言。本症 《伤寒论》 称 ""背恶寒"" 。《金匮要略》 名 ""背寒冷"" 。《河间六书·强痛恶 寒》 篇称 ""背怯qie冷""",yin
指阴道分泌物的减少,yin
指阴道分泌物的增加,yin
按之硬满的症候。多因胃气虚弱,yin
损害破裂而排出脓性黄白色汁液坏死物,yin
排尿困难及小便完全闭寒不通。出《伤寒论·辨太阳病脉证并治》。,yin
摄入很热或冷的食物饮料,yin
故“恶寒”常为临床诊断和鉴别外感表证的重要指征。,yin
故令身体虚热,yin
故伤寒论,yin
故能维持正常数量的头发。病理性脱发是指头发异常或过度的脱落,yin
故骨髓之气不足,yin
斑疹伤寒等急性传染病 。,yin
无法正常运化水湿而使寒凉之气停滞在人体经脉脏腑中,yin
早产是指妊娠满28周至不足37周间分娩者,yin
早泄多因清脂失调或房事过度,yin
是一种外有寒战,yin
是以痢下赤白脓血,yin
是指多因久病体虚,yin
是指疼痛有冷感而喜暖。常见于腰脊,yin
是指胃中空虚,yin
是机体组织炎症过程中形成的浓稠或稀薄的混和物,yin
是由于禀赋薄弱,yin
有寒,yin
有时在睑结膜表面形成一层灰白色假膜,yin
有称“阴门瘙痒”,yin
有肥白气虚多痰人,yin
有虚实之分。,yin
本病是一种非瘢痕性脱发,yin
本虚为主者,yin
机制不清,yin
机能减退或衰弱,yin
查清病因,yin
概指以男女阴器肿大为主症的一种疾患。风邪搏击阴器,yin
正常成人白天排尿4～6次,yin
正气不足而致病。,yin
比如阴毛,yin
气少不足于言……由里气因痰或食或饮碍其升降之路使然。”,yin
气虚等因素关系最为密切,yin
气血阴阳亏损,yin
气郁化火而寻致胃阴耗伤。其主要临床表现是：胃部隐痛,yin
气阴两虚,yin
气阴受伤所致,yin
气随液脱,yin
水停腹中。本病多属本虚标实之证。标实为主者,yin
水者阴气,yin
汞为银白色的液态金属,yin
治宜滋阴降火。是慢性咽炎的症状之一,yin
治宜青州白圆子。,yin
治疗用滋阴清热法,yin
泄实不忘虚。,yin
法当凉血。血热亦是小儿发热证型之一,yin
泛指机体正气不足,yin
注下。多因脾胃虚弱,yin
津液耗伤或年老体弱,yin
津血不足等因所致。,yin
清凉,yin
清利湿热,yin
清晨醒来之前最低。胃液中的胃酸（0.2%～0.4%的盐酸）,yin
清水样鼻涕,yin
清热养阴,yin
清热导痰汤。③痰热聚于心者 《杂病源流犀烛·痰饮源流》 “在心曰热痰,yin
清稀的称为饮。痰不仅是指咳吐出来有形可见的痰液,yin
清稀黏液自口角流岀,yin
清肝理脾等法,yin
清醒状态下遗精则为滑精。中医认为是一种疾病,yin
清骨散,yin
温清并用。对具传染性的细菌性痢疾和阿米巴痢疾,yin
溃后脓液稀如痰,yin
滋阴壮阳。,yin
炎症性白带,yin
烦渴饮冷,yin
烫伤部有皮肤脱落,yin
热病伤阴,yin
热痢宜清,yin
热等邪气乘虚而入,yin
燥咳是病名。是因肺虚液少或燥邪伤肺所致的咳嗽。其证咳嗽痰少,yin
狭义则专指白带的量色质气味发生异常的疾病。正常白带由前庭大腺分泌物,yin
环唇内……”。《丹溪心法十二经见证》足厥阴肝经见证有“头痛”,yin
甚则全身发冷. 四肢脉木,yin
甚或寒战,yin
甚或纯白无红色的舌质称为舌淡。舌淡在内伤杂病中较为多见,yin
甚至不能发出声音的症状。祖国医学称“暴喑”。多由风寒或风热火毒等邪犯喉,yin
甚至便稀如水样,yin
甚至停止。胎儿经阴道顺利分娩取决于产力,yin
甚至如线的脉。脉细表示虚证,yin
甚至子宫全部脱出于阴道口以外,yin
甚至每个小时都出现。天气和环境温度可加重潮热的发作。中医一般认为病机为阴虚,yin
甚至清醒时精液流出者,yin
甚至清醒时精液自动滑出的病症。,yin
甚至清醒时精液自动滑出的病症。滑精是遗精的一种,yin
生成不足,yin
用半夏白术天麻汤,yin
用大和中饮。脾虚者,yin
用抵当汤。腹满手足厥冷,yin
用清气化痰丸,yin
由眼珠眦角横贯白睛,yin
男子因真阳不足而引起精气清冷,yin
男性阴囊疼痛,yin
畏寒多是身体受到外在寒邪侵袭,yin
病名。指产后分泌乳汁少。见清·许廷哲《保产要旨》。即缺乳。,yin
病名绞肠痧。”治宜祛秽泄毒为大法。十指青冷者,yin
病后体虚,yin
病性有虚有实。俗称：“岔气”。临床上可见于肋间神经痛,yin
病机有寒热虚实之分。咳喘与痰密切相关,yin
病状名。指面部呈现枯萎晦黄的病色。多因脾胃虚弱,yin
病理性白带的性状都有很大的不同。病理性白带可分为非炎症性白带,yin
病症名。指泄泻时所泻之物清稀,yin
病证名。因脏腑虚弱所致的泄泻。见《医学入门》卷五。又称虚泄。多属脾肾虚弱。症见困倦无力,yin
病证名。泻下稀水,yin
病证名。胸部胀满不适。因风寒,yin
病证名。见于《伤寒明理论》。即指神识丧失,yin
症名。两手掌心有发热感觉。一名掌中热。手三阴经是动,yin
症名。即腰膝软弱无力。轻者称腰软,yin
痰白滑而易于咳出,yin
痰色亦黄。治宜清热化痰,yin
痰証的一种。见《医学入门》卷五。又名气痰。多由肺燥所致。症见痰少色白,yin
痹病泛指机体正气不足,yin
瘦弱,yin
白发指头发全部或部分变白白发分有老年白发和少白发,yin
白喉,yin
白带应该是透明发亮,yin
白带是女性正常情况下由阴道粘膜渗出物,yin
白睛溢血等。古代医家认为目赤有三,yin
白线疝,yin
白色稀糊状或蛋清样,yin
白芍,yin
白附子丸等方。如见眩晕闷乱,yin
皮肤出现白色点,yin
皮肤及其他组织被染成黄色。因巩膜含有较多的弹性硬蛋白,yin
皮肤而首先被察觉。当血清总胆红素在17.1～34.2μmol,yin
直肠壁全层下移称完全脱垂。,yin
真武汤。若手足厥冷,yin
真阴亏损,yin
眼白红赤,yin
眼花（dazzle）指看东西模糊不清,yin
睡眠不足,yin
短促等证候。《灵枢·经脉》：“少气不足以息。”又：“其小而短者少气。”可因脏气虚弱,yin
神志不清,yin
神志不清。有时伴有口吐白沫或嘴角牵动,yin
神志不清的表现,yin
神志不清（unconsciousness）指神志昏蒙,yin
神经衰弱的概念经历了一系列变迁,yin
神经衰弱（neurasthenia）在中国属于神经症的诊断之一。是由于长期处于紧张和压力下,yin
禀赋不足,yin
称为“带下病”。本病可见于现代医学的阴道炎,yin
称为“阴痒”,yin
称为恶寒。中医中有“有一分恶寒便有一分表证”的说法,yin
称为生理性白带。与生理性白带相比较,yin
称为直肠脱垂（rectal prolapse）。直肠壁部分下移,yin
称生理性白带。白带的量明显增多,yin
称黏膜脱垂或不完全脱垂,yin
空虚如 鼓,yin
突然心跳欲厥之证。《诸病源候论·虚劳病诸候》均有相关记载。,yin
粪便稀溏,yin
粪质稀薄,yin
系指在排尿后或排尿时从尿道口滴出白色浊物,yin
素体阴虚,yin
素有脾胃虚弱,yin
组织在细菌和中性粒细胞释放的蛋白溶解酶的作用下发生液化坏死,yin
结积所生也。言阴阳否隔,yin
老光等屈光不正及身体衰弱的人。,yin
老年性阴道炎,yin
而与接触冷空气,yin
而且喜冷恶热。常因火邪窜络,yin
而且是软弱无力的。尽管细小,yin
而且质地清稀,yin
而阴气逆上与风痰相结,yin
肌肉瘦弱,yin
肝火或阴虚火旺所致。常见于中医学的暴风客热,yin
肝经虚寒,yin
肝郁气滞致白发。,yin
肠鸣声低弱而和缓,yin
肢体软弱无力。生理状态下,yin
肢体酸白细胞减少症白细胞减少症软,yin
肢冷汗出,yin
育阴,yin
肺气失和所致。治以疏风清热为主。,yin
肺虚气弱,yin
肾亏,yin
肾气亏耗为常见。《诸病源候论·少气候》：“所由藏气不足故也。肺主于气而通呼吸,yin
肾精不足为肾精亏虚,yin
肾阳虚等。阳虚主证为畏寒肢冷,yin
肾阴虚,yin
肿块边界不清,yin
胃中空虚,yin
胃阴不足是中医术语。它是由胃病久延不愈,yin
胃阴受劫,yin
背冷,yin
胞衣（胎盘）仍不能自动排出的病症。多由分娩后元气大虚而无力排出胞衣,yin
能清除呼吸道中的异物或痰,yin
脉多细弱。轻者属脾,yin
脉滑数。治宜清热化痰,yin
脘腹及四肢关节等处。因寒邪阻络所致,yin
脱出至阴户口或阴户外。,yin
脱发是指头发脱落的现象。正常脱落的头发都是处于退行期及休止期的毛发,yin
脱屑（desquamation)常见于正常皮肤表层不断角化和更新,yin
脱臼等,yin
脾虚,yin
脾虚气滞是一种疾病,yin
脾阳虚,yin
脾阳虚等等。,yin
腠理不固,yin
腰膝酸软（soreness and weakness of waist and knees）为中医肝肾亏损的一种症状。表现为腰部和膝部的酸软无力,yin
腰酸（soreness of loins）指腰部酸楚不适。临床以肾虚较为常见。腰酸与腰痛有相似之处,yin
自觉膝关节局部寒冷疼痛,yin
至翌日清晨则热退身凉的表现。温病后期气阴耗伤,yin
致使气血亏少,yin
致气血阴阳亏虚,yin
舌淡白等。,yin
舌淡苔白。总的治疗原则为健运脾气,yin
舌苔白腻,yin
舌苔白腻等。,yin
色白,yin
色白带黄,yin
色红或白,yin
苔白滑,yin
苔薄白微黄。风热感冒多见于夏秋季,yin
苔黄腻等。治疗可选用清热,yin
萆解分清饮,yin
营养不足,yin
营血虚热致白发,yin
藏气不足,yin
虚,yin
虚人停痰饮,yin
虚劳,yin
虚劳等所致。多兼见郁闷不寐,yin
虚喘者无邪,yin
虚实之不同,yin
虚弱而生内热,yin
虚汗淋漓,yin
虚火上扰,yin
虚火上浮而致,yin
虚烦是因虚而致心胸烦热者。由伤寒汗,yin
虚热,yin
虚脱是以面色苍白,yin
虚证多实久病,yin
血液生化不足,yin
血瘀阴部所致。,yin
血脱是病证名。阴血亏损脱失之证。出《灵枢·决气》：“血脱者,yin
血虚,yin
血虚津亏不能下润大便而致。,yin
补虚不忘实,yin
见於血虚者,yin
视物昏花属于“肝肾亏损”。过度用眼,yin
视物昏花等其他肾虚症状。治疗宜排除泌尿系统,yin
视物模糊不清的表现,yin
角膜边缘可有灰白色浸润点,yin
言语不清的表现。,yin
证名。下腹部疼痛。出《素问·脏气法时论》。小腹为至阴之位,yin
证名。指易有饥饿感。见《素问·至真要大论》。病因以胃热较为常见。治宜清胃,yin
证名。脐下部胀满。多见于以下几种情况。如伤寒发热,yin
说明心有火。首先是清淡饮食,yin
贪食寒凉食物等都可招致外来之“寒”侵入人体,yin
身体各个器官都在逐渐衰退,yin
软弱无力的,yin
输卵管等脏器通过人体正常的或不正常的薄弱点或缺损,yin
边界不清,yin
边缘不清,yin
这种寒多为“实寒”。另一方面,yin
这种寒多为“虚寒”。所以,yin
这种病理产物的寒可由人体脾肾阳虚,yin
这类患者常有明显的感受风寒的病史。风寒头痛多发于吹风受寒之后,yin
这里的“宫”理解为“胞宫”会有助于更好地理解宫寒的含义和所指的疾病。“寒”在中医中首先是一个常见的致病原因,yin
适宜于食用皮肤的角质蛋白。疥虫的躯干的后半部有几对杆状的刚毛和长鬃。疥虫往往是夜行昼伏,yin
选用参苓白术散,yin
通常伴随声音。咳嗽具有清除呼吸道异物和分泌物的保护性作用。但如果咳嗽不停,yin
通过先天或后天形成的薄弱点,yin
邪气乘虚而入,yin
邪热乘虚客于胸中,yin
重者称腰膝痿弱。多因肝肾亏损,yin
铅中毒等也均会引起脸色苍白。面色苍白需查找原发疾病,yin
长期疲劳而致人身体衰弱,yin
闭塞清阳所致眩晕。见《医学正传·眩运》。《杂病源流犀烛·头痛源流》：“风痰闭壅眩晕,yin
阳气不足,yin
阳气不足则早凉,yin
阳热不足的病理现象。阳气有温暖肢体,yin
阳痿多因命门火衰或心脾受损或恐惧伤肾所致。,yin
阳虚四种类型,yin
阳虚弱的类型,yin
阳虚（yang deficiency）,yin
阴,yin
阴不足则先热后寒。”其病机是邪入半表半里,yin
阴气在内,yin
阴津亏虚则夜热。,yin
阴痒,yin
阴肿,yin
阴茎不举,yin
阴茎和趾间的裂隙。皮肤的任何炎症,yin
阴虚,yin
阴虚火旺,yin
阴虚阳亢所致。古代文献中,yin
阴血亏损等方面。常见于脑系疾病,yin
阴道流血。平时病人可有白带增多,yin
阴道炎,yin
阴道黏膜渗出物,yin
阴阳亏虚,yin
阴阳失调,yin
阴阳相胜也。阳不足则先寒后热,yin
阴阳衰竭及其他强烈刺激等,yin
阴雨天气,yin
随着医生对神经衰弱认识的变化和各种特殊综合征和亚型的分出,yin
霉菌性阴道炎,yin
面色泛白而没有血色的表现,yin
面色苍白,yin
面色苍白或青灰,yin
面色苍白（pale complexion）是由于脸部毛细血管充盈不足引起,yin
项强指头部后项的肌肉筋脉牵引不舒的症状。一般是由于外感风寒,yin
须发早白是一种疾病。在中医学则认为发须早白主要有以下列三种主要原因：肾阴亏损致白发,yin
颈椎间盘脱出症的总称,yin
颜色比例红少白多,yin
风冷乘之而痛者,yin
食欲不振,yin
食欲不振是指进食的欲望降低。完全的不思进食则称厌食。,yin
骨骼突出等旁证。至于脱水与水肿消退后的体重下降,yin
髓核突出或脱出,yin
鼻流清涕如水样,yin
18岁之前出现的则称为精神发育迟滞,yang
palms and soles）指两手两足心发热,yang
“天行赤眼”等。 目赤肿痛常见于西医学的急性结膜炎,yang
“寒”在中医中还指病理产物之寒积聚在人体经脉脏腑中,yang
“暴风客热”,yang
“脑渊”之称。多因外感风热邪毒,yang
“阻病”。多因脾胃虚弱或肝胃不和导致冲气上逆,yang
一曰风助火郁于上,yang
一般将虚热进一步分为阴虚火旺和气虚火旺两种病状。,yang
一般属于热在营分,yang
一般我们讲的低热是指体温超过正常,yang
一般难以闻及。当肠道功能异常或阻塞不通时,yang
三曰燥邪伤肝。戴复庵云：目赤无非血雍肝经所致,yang
上焦生热,yang
不伴有明显的甲状腺功能亢进或减退,yang
不喜欢热食,yang
不得太息……。”肺热又称风温肺热,yang
不易睁开。有的病人结膜上出现小出血点或出血斑,yang
不清洁的脐带结扎,yang
不结胸,yang
不能平卧为临床特征的病症。明代张景岳把喘证分为实喘和虚喘。《景岳全书·喘促》：“实喘者有邪,yang
与夫阳 明之 脉虚,yang
与肝胆脾胃关系密切。癫病以精神抑郁,yang
与脾胃有密切关系。病机为湿热,yang
专治疮毒的秘方药物,yang
且一日间体温波动超过1℃以上,yang
且不伴有肿瘤和炎症,yang
且以偏肥胖体型为多见。当今胆胀的发病率呈上升趋势其原因可能与人们饮食结构的变化有关。中医药治疗本病效果较好,yang
个别部位干燥脱皮,yang
中医名词。指机体阳气虚衰,yang
中医病名。小儿时期感受时行邪毒引起的肺系时行疾病,yang
中医病名。本病白睛暴发红赤,yang
中医病名。湿疮是一种由多种内外因素引起的过敏性炎症性皮肤病。以多形性皮损,yang
中医病名。痄腮是因感受风温邪毒,yang
中医病名。积滞是因小儿喂养不当,yang
中医病症名。指因痰盛气闭而引起四肢厥冷,yang
中医病症名。指由气管积痰而引起的呼吸不畅,yang
中医称大便中带血不带脓的痢疾。痢下多血或下纯血者。即血痢。《诸病源候论·痢病诸候》：“热乘于血,yang
中度热38.1～39℃,yang
中暑是指长时间暴露在高温环境中,yang
中毒,yang
中毒性神经性麻木,yang
中毒等均可导致头痛。发病年龄常见于青年,yang
临床上即可发现黄疸,yang
临床表现为发热重,yang
丹毒（erysipelas）是一种累及真皮浅层淋巴管的感染,yang
为冷结在膀胱关元,yang
为胃中之浊气上逆,yang
为腋以下至第十二肋骨部的总称。可由肋骨软骨炎或肋间神经痛导致。,yang
主真火所藏,yang
主要以内分泌失调与血热,yang
久病多虚中夹实或虚证。深圳胃肠专家陈春莲说治当分别情况,yang
久而化火,yang
久而化热,yang
九积之一。食滞不消,yang
也不属于炎症,yang
也可由于情志郁结,yang
也是一种特殊类型的慢性喉炎。最主要的临床症状为声嘶。通过喉镜检查可以做出临床诊断。治疗方式主要为手术切除治疗。若经治疗好转后,yang
也有虚实寒热之别,yang
也称为显性黄疸。,yang
也称发热,yang
习惯性抽搐。中医认为引起抽搐的病因病机主要有热毒内盛,yang
乳房部的结核性疾病,yang
二曰火盛,yang
五心烦热（sphoria with feverish sensation in chest,yang
五志过极化火而导致血热。亦称血分热。即血分有热。证见吐衄,yang
亢奋妄动,yang
亦可发生中毒。,yang
亦可在慢性肠炎,yang
亦可引起胃热（胃火）。中医分为热郁胃中,yang
亦可见于阳虚津不上承者。,yang
产后发热是指产褥期内,yang
人上火之后临床症状表现为：目赤肿痛,yang
人之身阴阳的盛衰,yang
从而导致盆腔炎性包块发生。患者常先有急性输卵管炎的临床表现,yang
代谢物积累学说和能源耗尽学说较有代表性。中枢学说认为,yang
令痰气结聚不散,yang
以发热,yang
以后可发展为多结节性肿大。,yang
以致关节软骨被破坏而引起的慢性关节病。又称退化性关节炎,yang
以致或湿浊阻滞,yang
以致气血凝滞而成。其包括了体表上的肿疡及溃疡,yang
以致结脓成痈的急性化脓性病证。多发于产后哺乳的产妇,yang
以高热,yang
以鼻腔干燥为主要表现的鼻部疾患。西医学的干燥性鼻炎可参考本篇进行辨证施治。,yang
传染性结膜炎,yang
伤风是由风邪侵袭人体引起的常见外感热病。一年四季均可发生。尤以冬春两季为多见。临床以头痛,yang
伴意识丧失。高热惊厥分为单纯性高热惊厥和复杂性高热惊厥两种。各年龄期（除新生儿期）小儿均可发生,yang
但因种种原因常以腋温为准。若腋温超过37.4℃,yang
但在38℃以下者。引起低热的原因较多,yang
但有实火与虚火的区别,yang
但流行程度和危害性以病毒性结膜炎为重。本病全年均可发生,yang
但粪质干结,yang
但腹中有气体积聚,yang
但须根据虚实不同情况分别处理,yang
低热,yang
低热等,yang
低热（low fever）是一种常见的症状,yang
体温中枢功能紊乱或各种原因引起的产热过多,yang
体温升高>=39℃时发生的惊厥,yang
体温超过正常,yang
体腔内体液增多则称积液。根据分布范围,yang
使人体产生类似中毒的效应。能源耗尽学说认为,yang
使阳气不行,yang
便短赤是一个中医名词,yang
俗称火眼,yang
俗称疬子颈。多见于青少年及原有结核病者,yang
假性结膜炎以及流行性角膜炎等,yang
停滞不化,yang
停滞在人体的经脉,yang
停积胃肠,yang
健康人肢体各种感觉的传递取决于大脑中枢至肢体神经通路的畅通无阻。如果在这一神经通路上的某一局部出现障碍,yang
元气虚也。”《临证指南医案·喘》提出：“在肺为实,yang
入里化火,yang
入黄蜡,yang
全身性水肿时往往同时有浆膜腔积液,yang
全身皮肤发黄,yang
关节炎或关节病牵涉范围非常广泛,yang
其主要的病变特征是——咽部的黏膜发炎,yang
其产生是由于工作过程中代谢物（如乳酸）的不断产生与积累,yang
其他器官的疾病也可引起腰痛。如泌尿系炎症或结石,yang
其寒时自寒而不觉热。与恶寒发热的寒热同时并作不同。《类证活人书》：“往来寒热者,yang
其毒液由伤口进入人体内而引起的一种急性全身性中毒性疾病。,yang
其热时自热而不觉寒,yang
其色或黄或青,yang
其色赤,yang
内有烦热的症状。这是由于热邪内伏,yang
内热进而化虚火。根据病机不同,yang
再如湿阻引起,yang
再审证候虚实,yang
凡发热同时又有心烦,yang
凡离开经脉之血不能及时消散和瘀滞于某一处,yang
出现发热持续不退,yang
出现胃部灼烧感,yang
出自《素问·刺热篇》。,yang
分别采取温补脾肾或滋养肝肾法,yang
则属于实证,yang
则肠鸣音高亢而频急。临床根据作响的部位及声音来判断病变部位和病变性质。,yang
则腋窝体温（检测10分钟）超过37℃可定为发热。,yang
则见壮热烦渴,yang
则见头痛身热,yang
初病多实,yang
初起乳房内出现 一结块如桃李,yang
初起见有身热,yang
刺激皮肉而感到疼痛：感到剧烈的烧灼样的疼痛,yang
前列腺炎,yang
动脉硬化是动脉的一种非炎症性病变,yang
助火生热,yang
劳淋六证。基本病机为湿热蕴结下焦,yang
包括炎症,yang
包括病毒性肝炎,yang
升阳除湿汤,yang
午后发热,yang
单纯性高热惊厥愈后良好,yang
即手足发凉冷。又称四逆,yang
即按该炎症处命名,yang
即暑热挟湿。以胸脘痞闷,yang
即火痰也。”证见烦热燥结,yang
即由于外来之寒邪或者是人体脾肾阳虚所生之内寒停滞在女性胞宫,yang
即胃火,yang
卵巢性闭经,yang
压之无痛为临床特点。临床表现与西医学的慢性胃炎（包括浅表性胃炎和萎缩性胃炎）,yang
厥逆上出,yang
去腐消炎,yang
参用六君汤。参见肉积,yang
又分外痹与内痹。痹者闭也。广义的痹病,yang
又称“风热眼”,yang
又称为发热。每个人的正常体温略有不同,yang
又称发烧。由于致热原的作用使体温调定点上移而引起的调节性体温升高（超过0.5℃）,yang
又称气阴两伤。气虚和阴虚同时并见的病理变化。常见于热性病过程中,yang
及天时郁勃而然也。”“此皆素抱痰疾者,yang
发为痢疾。暴痢多实证,yang
发热,yang
发热和运动受限,yang
发热恶寒等为主要证候特点。病情有轻重不同,yang
发热是多种疾病的常见症状。小儿正常体温常以肛温36.5～37.5℃,yang
发热是多种疾病的常见症状。高热(High Fever)在临床上属于危重症范畴。小儿正常体温常以肛温36.5～37.5℃,yang
发生于儿童者称喊叫小结,yang
发生喘咳。症见发热咳嗽,yang
发生在舌的称舌疡。可见于现代医学的口腔溃疡。疮疡皆属于火,yang
发生盆腔慢性炎症性组织学改变,yang
发瘀等的病理状态。血热多由邪热入血所致,yang
口干咽燥,yang
口干咽燥等症。,yang
口干唇燥,yang
口燥咽干,yang
口腔炎症是指口颊,yang
古病名-因气逆于上,yang
可以自行或通过治疗而逆转。,yang
可出现在许多疾病的过程中。临床辨证以虚实为纲。治疗以和胃降逆为原则,yang
可分为热淋,yang
可分为细菌性结膜炎和病毒性结膜炎两类,yang
可用当归四逆汤加吴萸,yang
可用肘膝位叩诊法证实,yang
可继发气阴两虚的恶阻重症。,yang
可见于多种感染性疾病和非感染性疾病。但有时体温升高不一定都是疾病引起的,yang
可认为发热。所谓低热,yang
合理调节饮食结构,yang
同时配合行气活血利水。由于本病总属本虚标实错杂,yang
名非哺乳期乳痈。现代医学之急性化脓性乳腺炎属于乳痈范畴。,yang
后世将外科分为疮疡与杂证两大类。疮疡多由毒邪内侵,yang
呃逆即打嗝,yang
呃逆等,yang
呈黄色或黄绿色。脓液是机体组织炎症过程中形成的浓稠或稀薄的渗出物,yang
咯黄稠痰或痰中带血,yang
咽喉炎以及病毒感染甚至心肌梗死均可引起咽喉痛。,yang
咽喉痒是慢性咽炎的一种症状,yang
咽或喉部急性炎症的总称。广义的上感不是一个疾病诊断,yang
咽结膜热,yang
哮喘又名支气管哮喘。支气管哮喘是由多种细胞及细胞组分参与的慢性气道炎症,yang
喉炎,yang
喜冷畏热,yang
噫气腹胀。”治宜行气解郁。《杂病源流犀烛·诸气源流》“一切气郁,yang
四肢厥逆,yang
因其在睑结膜表面形成粗糙不平的外观,yang
因外感而喘咯咳唾者 《泰定养生主论》 “热痰者,yang
因感受风邪或风热怫郁而发的病证。《泰定养生主论》：“风痰者,yang
因风热客于肠胃或湿热蕴积肠胃,yang
在应激面前适度的焦虑具有积极的意义,yang
在面部可引起疔疮走黄（西医称为败血症或脓毒败血症）,yang
均称“烦热”。多由于里热过盛,yang
坚结胶固,yang
坚结胶固之痰。亦称老痰,yang
垂体性闭经,yang
塞滞不畅,yang
增生性颈椎炎,yang
壅阻少阳经脉引起的时行疾病。以发热,yang
壮热是指病人自觉热甚,yang
声带小结又称歌唱者小结或教师小结,yang
复杂性高热惊厥愈后则较差。,yang
外感热邪,yang
外感风热所致。中医认为,yang
外界温度变化和过度吸烟亦可引起。呃逆频繁或持续24小时以上,yang
外痔发炎,yang
外而肿热,yang
外阴炎,yang
多伴有嗳气症状。自胃部上升的气体或酸性液体导致嗳气（呃逆）发生,yang
多兼面赤,yang
多因气血逆乱,yang
多属于阳症,yang
多属实火,yang
多属肺热。,yang
多数白带异常为感染或炎症引起,yang
多是由于结核杆菌侵入颈部所引起的特异性感染,yang
多烦热,yang
多由于风火,yang
多由热盛伤津或阴液亏虚所致,yang
多由邪热犯胃,yang
多见于阳虚虚寒的病人,yang
夜热早凉是指夜间低热,yang
大于2cm者称为斑片。斑疹可以分为炎症性和非炎症性两种。有的斑疹上还会有鳞屑,yang
大便干燥多见于中老年人,yang
大便干结,yang
大便秘结,yang
大便粘结,yang
大便酸臭或便秘为特征。食积又称积滞。与西医学消化不良相近。本病一年四季皆可发生,yang
大便黄而黏腻,yang
大脑有关区域持续兴奋导致的抑制性保护及抑制在大脑中的扩散是其产生的根本原因。代谢物积累学说认为,yang
大黄,yang
大黄等药煎服,yang
天行暴赤。俗称红眼病。本病见于《银海精微》。该书对本病病因及其传染流行等均有描述。多于夏秋之季发病,yang
天行赤眼,yang
天行赤眼暴翳,yang
头发干枯而黄,yang
头沉。如果是太阳穴部位出现胀痛或重压感,yang
头面噏噏而热,yang
头面烘热,yang
如上呼吸道某一局部炎症特别突出,yang
如急性鼻炎,yang
如感染性高热等。局部性多汗症常初发于儿童或青少年,yang
如果阳虚则机体功能减退,yang
如滴虫性阴道炎,yang
如潮汐之有定时。午后潮热,yang
子宫内膜炎,yang
子宫内膜炎或盆腔感染,yang
子宫内膜炎等引起的经期延长。宫内节育器和输卵管结扎后引起的经期延长也按本病治疗。本病一般预后良好。,yang
子宫性闭经以及下生殖道发育异常性闭经,yang
子宫或阴道结构异常,yang
子宫颈炎,yang
宜五苓散加大黄,yang
宜半黄丸。”④素有痰疾,yang
宜温气汤。痛而小便不利为湿热,yang
宜温补汤。痛而拒按为实,yang
宜用六味地黄丸加沙苑子。参见消渴条。蛔虫会引起不同程度的善饥。,yang
宜补血清热,yang
宜黄芩,yang
实不同,yang
实施治。,yang
审因论治。特别是对功能性低热,yang
宫寒顾名思义是“子宫寒冷”的简称。在中医学的文献记载和正式的教科书及相关的中医妇科专著中并无此词条。但是“宫寒”已经成为深入人心的热词,yang
容易出现虚寒的征象。常见的有胃阳虚,yang
容易在体内积累毒素,yang
寒温失调等多种因素导致肝气失舒,yang
寒湿结于肠腑,yang
寒热往来是发热与恶寒交替出现的一种热型,yang
寒热虚实夹杂者宜通涩兼施,yang
寒痢宜温,yang
寒邪侵入太阳经络,yang
对于各种疑难疮毒,yang
导致体温升高超过正常范围的情形。每个人的正常体温略有不同,yang
小便热赤,yang
小便短赤,yang
小便赤涩,yang
小儿急性上呼吸道感染系由各种病原引起的上呼吸道炎症,yang
少阳经气不畅,yang
尤其是以脾肾阳虚多见。,yang
尤其是有皲裂或溃疡的炎症为致病菌提供了侵入的途径。轻度擦伤或搔抓,yang
就是我们平常所说的“骨毒”。“骨毒”长期存在于骨与骨膜之上形成“宿毒”。宿毒使得骨及关节周围软织反复充血,yang
尿毒症,yang
尿赤,yang
尿路结石,yang
尿路结石是最常见的泌尿外科疾病之一。男性多于女性,yang
局部灼痛明显,yang
属于阴虚内热的症候,yang
属里实热证,yang
巴豆。”《杂病源流犀烛·积聚症瘕痃癖痞源流》：“食积,yang
常与肝脾等脏有密切关系。胃气郁滞,yang
常为烧灼感,yang
常伴出汗及心悸而出现的燥热症状,yang
常因邪闭,yang
常温中即有蒸发。汞中毒以慢性为多见,yang
干燥,yang
干燥多风,yang
并自觉心胸烦热。多由阴虚火旺,yang
并非疾病。多见于急性肝炎时,yang
当今大城市职业妇女中50%-70%都有不同程度的乳腺增生。乳腺增生症常表现为乳房疼痛和乳腺摸到结节,yang
当根据阴阳的不同,yang
形成肉眼呈灰黄色或黄白色的浓稠状液体。其处理方法主要有：清理伤口感染,yang
心包炎,yang
心律失常（arrhythmia）是由于窦房结激动异常或激动产生于窦房结以外,yang
心火上炎,yang
急性咽炎,yang
急性多发性神经根炎性麻木,yang
急性扁桃体炎等。急性上感主要用于上呼吸道局部感染定位并不确切者。鼻咽部感染常出现并发症,yang
急性梗阻性化脓性胆管炎等,yang
急性胃肠炎,yang
急性胆囊炎,yang
急性高热多见于感染性和变态感应性疾病,yang
急慢性支气管炎发作等呼吸系统疾病都有可能出现本病症。,yang
总宜以化滞为主。”用气郁汤,yang
恶寒与发热交替发作,yang
恶寒发热,yang
恶毒疮,yang
患者常有传染病接触史。本病与西医学之急性传染性结膜炎相似。,yang
患者经常出现大便干燥,yang
感寒停湿及热迫肠胃所致。,yang
感染产物及坏死组织亦为形成结石之核心,yang
感染引起的神经炎性麻木,yang
感染性疾病等疾病引起。其理论有：①组织牵引：肌肉损伤而起。②肌肉痉挛：肌肉的反复性抽筋而起。③结缔组织：肌肉的结缔组织受伤（如肌腱）而起。事实上,yang
慢性咽炎,yang
慢性肾炎,yang
慢性胃炎,yang
慢性胆囊炎,yang
慢性胆管炎,yang
成为“妊娠恶阻”。亦称为“子病”,yang
成积痞闷也,yang
或一日之间体温相差在1℃以上,yang
或为眼烂喉闭,yang
或产时感受外寒而气血凝滞所致,yang
或低热持续,yang
或刚一闭眼而将入睡之时,yang
或因风热怫郁而然也。此皆素抱痰疾者,yang
或在炎热环境中进行体力活动引起机体体温调节功能紊乱所致的一组临床症候群,yang
或外感风热,yang
或干呕呃逆,yang
或干燥,yang
或恶热,yang
或情志郁结,yang
或横逆的病理变化。临床以肺气上逆,yang
或温热病后期及内伤杂病,yang
或渴喜热饮,yang
或湿热,yang
或烦躁而有闷热的感觉,yang
或热病后期阴液尚未恢复,yang
或热盛耗伤津液,yang
或病后余热留恋,yang
或病后虚热不清及火热内郁所致。是虚损劳瘵等病的常见症之一。治宜滋阴降火,yang
或痰火暴亢,yang
或痰饮瘀血阻滞,yang
或突然高热寒战,yang
或经血的突然增加。临床上以出血时间与基础体温（BBT）曲线对照,yang
或肝经郁结,yang
或肝胆郁结,yang
或胃腑湿热上蒸鼻窍所致的,yang
或胆经炎热,yang
或脾损气滞,yang
或脾肾阳虚等原因引起的以排便次数增多,yang
或脾胃湿热,yang
或自觉有热感,yang
或自身阳虚阴盛或机体机能失调所造成。,yang
或见赤白相兼,yang
或赤白兼下,yang
或近火取暖,yang
或邪毒,yang
或阴虚火旺,yang
所生病证之一。又为劳倦内伤及五心烦热的症状之一,yang
所谓“积水成饮,yang
扁桃体炎,yang
手心热,yang
指上焦心肺之热,yang
指伤口或疮口表面上由血小板和纤维蛋白凝结而成的块状物,yang
指单位容积血液中红细胞数高于正常值高限。一般认为经多次检查成年男性红细胞＞600万,yang
指因呼吸短促而不相接续的情况。即呼吸短促而不相接续之意。可见于很多疾病的过程中。有虚有实。实证多突然发病,yang
指大便干燥。多由胃肠燥热,yang
指妇女妊娠期中出现的烦躁心悸的病症。西医妊娠期间出现抑郁症可参考本病。,yang
指气从胃中上逆,yang
指炎症的一般症状。即损伤或炎症导致的身体某部位组织的肿胀及疼痛,yang
指热病过程中发于肌表的斑和疹两种证候。见《伤寒九十论·发斑证》。斑和疹虽系两证,yang
指牙关紧闭,yang
指由于阴阳失调,yang
指疼痛有灼热之感,yang
指的是成肝气郁结,yang
指胃气上逆动膈,yang
指腋温为37.5℃38,yang
指腋温为37.5℃～38℃,yang
指腹腔内游离液体的过量积聚,yang
指食物停滞胃中不消化。,yang
损害破裂而排出脓性黄白色汁液坏死物,yang
排尿困难及小便完全闭寒不通。出《伤寒论·辨太阳病脉证并治》。,yang
摄入很热或冷的食物饮料,yang
支气管扩张是由于支气管及其周围肺组织慢性化脓性炎症和纤维化,yang
支气管黏膜或胸膜受炎症,yang
故为赤痢。,yang
故云热痰也。”②火痰 《杂病源流犀烛·痰饮源流》 “热痰,yang
故令身体虚热,yang
故又称非毒性甲状腺肿,yang
故名沙眼。本病病变过程早期结膜有浸润,yang
故见小便赤涩。,yang
故黄疸患者巩膜黄染常先于黏膜,yang
散热减少,yang
无法正常运化水湿而使寒凉之气停滞在人体经脉脏腑中,yang
无菌性炎症,yang
日久成积者。《儒门事亲》卷三：“食积,yang
易并发肺炎,yang
是一病证名。在《诸病源候论·病热候》中有记载。多因内伤劳损所致,yang
是一种临床症状而并非某一疾病。按生殖轴病变和功能失调的部位分为下丘脑性闭经,yang
是一种毒疮。痈发于肌肉,yang
是一种特殊类型的慢性喉炎,yang
是一种证名。指全身发热的症象。,yang
是以痢下赤白脓血,yang
是各种消化道疾病常见的症状之一。尤其是反流性食管炎,yang
是太阳病的主症之一。,yang
是指人体被毒蛇咬伤,yang
是指外感热邪入血中,yang
是指按时发热,yang
是指每日午后发热。本病属里证,yang
是指睡眠不实,yang
是指致热原直接作用于体温调节中枢,yang
是机体组织炎症过程中形成的浓稠或稀薄的混和物,yang
是热淋之甚者,yang
是热病后余毒结于颐颌间引起的急性化脓性疾病。临床特点是常发生于热病后期,yang
是颈椎骨关节炎,yang
晚期由于受累的睑结膜发生瘢痕,yang
普遍的临床症状均可表现关节疼痛（arthralgia）。任何原因导致的关节炎,yang
暑湿俱盛之时,yang
最好是和自己平时同样条件下的体温相比较。如不知自己原来的体温,yang
最常见于发热性疾病,yang
最常见的原因包括鼻炎,yang
最终粪便中水分仅约100～200ml。若进入结肠的液体量超过结肠的吸收能力或（和）结肠的吸收容量减少,yang
月经等因素的影响。一般认为当口腔温度高于37.5 ℃,yang
月经等）的影响。因此判定是否发热,yang
有人将其分为与代谢因素有关的结石和感染性结石。细菌,yang
有时在睑结膜表面形成一层灰白色假膜,yang
有虚实之分。,yang
有重滞欲下不下之感,yang
有食积停滞和腹痛感,yang
服抗炎药可缓解的症状。症状包括下腹部疼痛,yang
果菜积等条。,yang
枳实,yang
某些妇女疾病（盆腔炎,yang
某些情况可有生理性体温升高,yang
根尖周炎,yang
横逆犯胃,yang
此种炎症常伴随引起气道反应性增高,yang
此类症状常伴有广泛而多变的气流阻塞,yang
气机上逆,yang
气机受阻,yang
气机呆滞等所致。常见于喉喑,yang
气机郁结所致。《丹溪心法·六郁》：“气郁者,yang
气滞,yang
气血壅滞,yang
气血逆乱,yang
气血阴阳亏损,yang
气逆上冲,yang
气逆于上,yang
气逆于上所致的一种病证,yang
气逆（reversed flow of qi）,yang
气郁一词出《素问·六元正纪大论》,yang
气郁化火而寻致胃阴耗伤。其主要临床表现是：胃部隐痛,yang
水停腹中。本病多属本虚标实之证。标实为主者,yang
水的偏盛,yang
沉默呆滞,yang
沙眼是由沙眼衣原体引起的一种慢性传染性结膜角膜炎,yang
沙石淋。多因下焦积热,yang
治以理气解郁,yang
治宜滋阴降火。是慢性咽炎的症状之一,yang
治疗用滋阴清热法,yang
泄实不忘虚。,yang
法当凉血。血热亦是小儿发热证型之一,yang
洗涤用品碱性强等都是导致皮肤干燥的重要原因。预防措施为加强皮肤的日常护理保养,yang
洗澡水过热,yang
测其体温39℃以上者,yang
浮肿是机体细胞外液中水分积聚所致的局部或全身肿胀。浮肿与身体很多器官的病变有关,yang
消毒或去医院处理。,yang
消食导滞等法治疗。,yang
淋巴结肿大等全身症状,yang
清利湿热,yang
清热养阴,yang
清热导痰汤。③痰热聚于心者 《杂病源流犀烛·痰饮源流》 “在心曰热痰,yang
温毒症状之一。由於温热之毒内蕴肺胃,yang
温清并用。对具传染性的细菌性痢疾和阿米巴痢疾,yang
温肾,yang
湿滞或感受秽浊之邪,yang
湿热,yang
湿热下注是一个中医的术语。中医认为,yang
湿热下注等伤肾气不能固摄而病,yang
湿热之邪,yang
湿热痢重症。多因湿浊热毒蕴结肠中,yang
湿热等邪气痹阻腰膝所致。,yang
湿热蕴结于下焦,yang
湿热阻于肾与膀胱,yang
湿疹是由多种内外因素引起的瘙痒剧烈的一种皮肤炎症反应。分急性,yang
溃面有糜烂的现象。中医认为由脾胃积热,yang
溶石化结。,yang
滋阴壮阳。,yang
满闷不舒的症状。可因肝胃气机阻滞,yang
潮热,yang
潮热又名潮红,yang
火“六淫”侵袭,yang
火痰,yang
火邪上炎和火热下迫等。,yang
灼热,yang
灼热感,yang
灼痛,yang
炎症,yang
炎症性白带,yang
炎症过程中细胞,yang
烧灼,yang
热,yang
热争则咳喘,yang
热在气分,yang
热壅,yang
热客膀胱,yang
热毒,yang
热毒较轻,yang
热气与痰水相搏,yang
热泻是指因热迫大肠所引起。亦名“火泻”。,yang
热病伤阴,yang
热痢,yang
热痢宜清,yang
热等邪气乘虚而入,yang
燥,yang
燥咳是病名。是因肺虚液少或燥邪伤肺所致的咳嗽。其证咳嗽痰少,yang
燥脾,yang
牙关紧闭,yang
牙关紧闭为一种临床症状,yang
牙结石,yang
牙髓炎,yang
牙龈下的炎症通过牙缝,yang
牙龈（gingiva）是指覆盖于牙槽突表面和牙颈部周围的口腔黏膜上皮及其下方的结缔组织。牙龈肿痛主要是牙龈有炎症而表现出的一种症状,yang
特别是结肠与直肠病变的出血,yang
狂病以精神亢奋,yang
玉女煎或泻黄散去防风加生地方。如属消渴病之善饥,yang
环境温度及湿度变化时加重,yang
甚则口燥,yang
甚至不能发出声音的症状。祖国医学称“暴喑”。多由风寒或风热火毒等邪犯喉,yang
甚至关节肿大灼热为主要临床表现。属于中医学“痹证”的范畴,yang
甚至关节肿大灼热为主要临床表现的病证。,yang
甚至发生晕厥跌倒的现象。中医理论认为这是痰气上逆所致,yang
甚至昏厥的病症。多见于患有慢性支气管炎,yang
甚至每个小时都出现。天气和环境温度可加重潮热的发作。中医一般认为病机为阴虚,yang
甚至溃疡久不愈合。多由心脾积热,yang
用温胆汤,yang
用火郁汤加减。亦可选用知柏地黄丸,yang
由于风燥异气内犯肺鼻,yang
由横膈膜痉挛收缩引起的。健康人也可发生一过性呃逆,yang
由炎性病变形成。最主要的临床症状为声嘶。通过喉镜检查可以进行临床诊断。治疗包括适当声带休息,yang
男子因真阳不足而引起精气清冷,yang
留滞生热,yang
疫毒,yang
疮毒等症。”孙氏疮毒中药膏是祖传百年,yang
疱疹性咽峡炎,yang
疳积以神萎,yang
病名。指多种原因所致的急性阻塞性喉病。症见咽喉肿痛迅速,yang
病名。由肠胃酝热所致的痢疾。证见里急后重,yang
病名绞肠痧。”治宜祛秽泄毒为大法。十指青冷者,yang
病性有虚有实。俗称：“岔气”。临床上可见于肋间神经痛,yang
病机有寒热虚实之分。咳喘与痰密切相关,yang
病毒性咽炎,yang
病状名。指面部呈现枯萎晦黄的病色。多因脾胃虚弱,yang
病理性白带的性状都有很大的不同。病理性白带可分为非炎症性白带,yang
病症名。多为胞内有实热,yang
病证名。因风痰上壅,yang
病证名。指痰气上逆而致头痛。《古今医鉴》将之归于“厥头痛”范畴。《外台秘要》卷八：“痰厥头痛方：《病源》（指《诸病源候论》）谓,yang
病证名。指痰热壅阻于肺,yang
病证名。指胸与横隔部滞塞堵闷。,yang
症名。两手掌心有发热感觉。一名掌中热。手三阴经是动,yang
症名。即舌体及舌苔干燥,yang
痈肿相互连结成块,yang
痈肿触之坚实,yang
痊愈后可能留下瘢痕。尿囊素可保护伤口结痂,yang
痛如火燎的急性疱疹性皮肤病,yang
痢下赤色,yang
痤疮是毛囊皮脂腺单位的一种慢性炎症性皮肤病,yang
痰核和停滞在脏腑经络等组织中的痰液,yang
痰水与热相搏之病证,yang
痰涎壅盛,yang
痰热聚于心,yang
痰热阻肺,yang
痰色亦黄。治宜清热化痰,yang
痰証的一种。见《医学入门》卷五。又名气痰。多由肺燥所致。症见痰少色白,yang
痰黏或黄,yang
瘀交结,yang
瘀血停滞等因所致。,yang
瘀血阻滞心脉,yang
瘀血阻络,yang
白睛溢血等。古代医家认为目赤有三,yang
皮肤出现苔癣样结节或斑块,yang
皮肤及其他组织被染成黄色。因巩膜含有较多的弹性硬蛋白,yang
皮肤干燥以及中枢神经系统症状为特征。,yang
皮肤干燥是指皮肤缺乏水分令人感觉不适的现象。其症状主要为皮肤发紧,yang
皮色苍黄,yang
盆腔炎,yang
盆腔炎性包块为女性盆腔脏器的炎症未得到正规治疗,yang
盆腔炎症,yang
盛气凌人,yang
目珠每遇明亮温暖场所,yang
目赤,yang
目赤是指眼结膜充血,yang
目赤肿痛(swelling and pain of eye)为多种眼部疾患中的一个急性症状。古代文献根据发病原因,yang
眦角性睑缘炎。,yang
眵多粘结,yang
眼及颈部淋巴结等,yang
眼白红赤,yang
睑弦赤烂,yang
睡眠不实,yang
睫状体等组织病变或烟尘和化学物品等因素刺激所引起的泪液分泌过多。第二种是由于泪道系统阻塞,yang
神机逆乱。其病位在心,yang
积滞,yang
称为“带下病”。本病可见于现代医学的阴道炎,yang
称为“胃纳呆滞”,yang
称为十二指肠胃食管反流。多由于贲门功能不全和胃功能障碍逆蠕动致酸性胃液反流至口腔。反酸只是症状,yang
称为月经延长。本病相当于西医学排卵型功能失调性子宫出血病的黄体萎缩不全者,yang
称为滑精。阳痿即阳事不举,yang
称为难治性呃逆,yang
称隐性黄疸或亚临床黄疸,yang
类风湿性关节炎。,yang
粪便干结。正常人每天排便1～2次或2～3天排便1次,yang
粪质硬结,yang
精囊炎,yang
精神萎靡（listlessness）是一种精神异常现象。是抑郁症的一大症状,yang
素有痰疾因外感而喘咯咳唾。①痰水与热邪相搏所致的病证 《诸病源候论·痰饮诸病候》 “热痰者,yang
紧闭声门,yang
紫暗的为热毒重,yang
红为热像,yang
约4～5∶1。 尿路结石在肾和膀胱内形成。上尿路结石与下尿路结石的形成机制,yang
纳呆便溏为主要表现的儿科病证。多见于1～5岁儿童。 疳积多因饮食不节,yang
组织被灼所致。,yang
细菌性咽-扁桃体炎。狭义的上感又称普通感冒,yang
经络痹阻,yang
结,yang
结合心,yang
结如胶而坚,yang
结核,yang
结核病,yang
结核（肿大的淋巴结）累累如串珠,yang
结痰,yang
结痰也。”“郁痰即结痰,yang
结痰条。,yang
结石基质和晶体抑制物质学说是结石形成的三种最基本学说。根据上尿路结石形成机制的不同,yang
结石成份和流行病学有显著差异。上尿路结石大多数为草酸钙结石。膀胱结石中磷酸镁铵结石较上尿路多见。成核作用,yang
结积所生也。言阴阳否隔,yang
结缔组织疾病等。腹水定量诊断除影像学检查外,yang
结聚於腹中而致。症见脐周绞痛,yang
结肠及直肠。上消化道出血是指十二指肠悬韧带（Treitz韧带,yang
结膜炎也可以引起畏光,yang
结膜炎时大都有不同程度的畏光流泪。多见于角膜异物,yang
结节型,yang
结节等多形性皮损为特点。,yang
羞明就是怕见亮光：眼睛因患角膜炎,yang
老年性阴道炎,yang
而且喜冷恶热。常因火邪窜络,yang
而肉眼看不出黄疸时,yang
而肠道炎症,yang
而长期高热可见于败血症,yang
而阴气逆上与风痰相结,yang
耳前淋巴结肿大等全身症状。,yang
耳鸣是累及听觉系统的许多疾病不同病理变化的结果,yang
肌肉纤维变细甚至消失等导致的肌肉体积缩小。多由肌肉本身疾患或神经系统功能障碍所致,yang
肌肤枯燥。,yang
肘等关节积液,yang
肛温比腋温约高0.5℃左右。肛温虽比腋温准确,yang
肛温比腋温约高0.5℃左右。若腋温超过37.4℃,yang
肝火或阴虚火旺所致。常见于中医学的暴风客热,yang
肝火犯肺,yang
肝炎等。,yang
肝胆之火,yang
肝郁气滞致白发。,yang
肢体失于温煦而致者,yang
肺气上逆则咳嗽,yang
肺气失和所致。治以疏风清热为主。,yang
肺气失和所致。症状表现为发热重,yang
肺炎,yang
肺炎喘嗽等。多见于西医的肺部急性炎症病变。,yang
肺热之名出自《素问·刺热篇》：“肺热病者,yang
肺热咳嗽属于温病学。现代医学中的呼吸道感染,yang
肺热咳嗽是由于肺内郁热,yang
肺痈是指由于热毒瘀结于肺,yang
肺部有炎症。临床常伴有咳嗽,yang
肾与膀胱气化不利。病理因素为湿热。病位在肾与膀胱。辨证时首辨淋证类别,yang
肾小球肾炎,yang
肾盂肾炎等。治疗尿痛首先要控制急性感染,yang
肾脏本是水火之脏,yang
肾阳虚等。阳虚主证为畏寒肢冷,yang
胃气上逆,yang
胃气上逆为多见,yang
胃气上逆则恶心,yang
胃气壅塞,yang
胃热是一种中医病症,yang
胃肠实热而引起。,yang
胆失通降所引起的以右胁胀痛为主要临床表现的一种疾病。胆胀为肝胆系病证中常见的疾病。其临床表现与西医学所称的慢性胆囊炎,yang
胆结石,yang
胆腑气郁,yang
胆蕴热上薰鼻窍等所致,yang
胞宫内的瘀血和浊液留滞 或伴有小腹疼痛,yang
胰腺炎等。,yang
胸中热,yang
胸满呕逆,yang
胸胁痛是指因感受外邪或情志失调或饮食不节或跌打损伤等原因导致的脉络失养或闭阻而引起的以胸胁部疼痛为主的一种病症。病位在肝胆,yang
胸胁部满闷不舒。因邪犯少阳,yang
胸腔积液和心包腔积液。全身性水肿主要有心源性水肿,yang
胸部刺痛多见于急性肋软骨炎,yang
胸部和腋下。相当于现代医学的淋巴结核,yang
能迅速传染并引起广泛流行。故称天行赤眼。又名天行赤热,yang
脉来洪盛有力或脉来躁急如喘的严重病证,yang
脉沉涩。”《证治汇补·郁证章》：“气郁,yang
脉滑数。治宜清热化痰,yang
脏腑经络气血为之痹阻而引起的疾病,yang
脑炎等疾病,yang
脑脉痹阻或血溢于脑所致。以突然昏仆,yang
脘痞等暑湿郁遏肌表证候为主要特点。如暑湿困阻中焦,yang
脘腹及四肢关节等处。因寒邪阻络所致,yang
脾虚气滞是一种疾病,yang
脾阳虚,yang
脾阳虚等等。,yang
腋温36～37℃衡量。通常情况下,yang
腋温比口温（舌下）低0.2～0.5℃,yang
腋窝温度高于37℃,yang
腰部神经根炎和某些腹部疾病皆可出现腰痛,yang
膀胱炎,yang
膀胱结核,yang
自觉发热,yang
自觉咽喉部似有物梗阻不适,yang
至翌日清晨则热退身凉的表现。温病后期气阴耗伤,yang
致使气血凝滞,yang
致气血阴阳亏虚,yang
致痰气郁结,yang
致食积停滞,yang
舌上黄,yang
舌红苔黄等热盛之症。,yang
舌红苔黄腻,yang
舌苔黄腻为主证。多发生于夏令季节,yang
舌苔黄腻等。,yang
色白带黄,yang
苔微黄,yang
苔薄白微黄。风热感冒多见于夏秋季,yang
苔黄腻等。治疗可选用清热,yang
若一闭塞,yang
若滞下则不然,yang
茯苓补心汤等方。火郁而宜升发者,yang
药物中毒,yang
营血虚热致白发,yang
蒸灼鼻窍,yang
蒸达于外所致。常见于外感温热病气分阶段,yang
虚劳等所致。多兼见郁闷不寐,yang
虚实之不同,yang
虚弱而生内热,yang
虚火上扰,yang
虚火上浮而致,yang
虚烦是因虚而致心胸烦热者。由伤寒汗,yang
虚热,yang
虚证多实久病,yang
虹膜炎,yang
虹膜炎等而怕见光的症状,yang
血点是也。”多见于肺结核,yang
血热（heat in blood）,yang
衄血等。是风热之邪犯表,yang
补虚不忘实,yang
表实,yang
表现为下腹部的隐痛和钝痛。炎性包块盆腔炎腹痛在月经期也会加重,yang
表现先是声门关闭,yang
表现是上下牙列紧密闭锁,yang
见于抑郁症或抑郁状态。,yang
角膜炎及角膜外伤,yang
解毒,yang
认为由细菌或病毒感染,yang
证名。小便颜色较正常黄,yang
证名。指易有饥饿感。见《素问·至真要大论》。病因以胃热较为常见。治宜清胃,yang
证名。胁肋部发胀作痛之证。见薛己注《明医杂著·痰饮》。由气郁痰凝,yang
证名。脐下部胀满。多见于以下几种情况。如伤寒发热,yang
证名。自觉头部胀重不适。外感内伤均可引起。外感多因湿热郁蒸所致。,yang
说明心有火。首先是清淡饮食,yang
诸疮毒肿。 明 李时珍 《本草纲目·虫二·蝎》：“诸疮毒肿。全蝎七枚,yang
赤痢,yang
超高热则为40℃以上。发热时间超过两周为长期发热。,yang
超高热则为41℃以上。发热时间超过两周为长期发热。,yang
越鞠丸等方。若气郁生痰者,yang
身热,yang
身热腹痛,yang
身热面赤,yang
身热（The body is hot）,yang
运行受阻,yang
这种寒多为“实寒”。另一方面,yang
这种病理产物的寒可由人体脾肾阳虚,yang
进入高温环境或热水浴等均可使体温较平时略高,yang
进食后有饱滞之感的症状,yang
逆从下上散,yang
逆害饮食,yang
选用败毒散等方。参见痧,yang
透皮入骨致病而形成“六毒”,yang
逐瘀泻热。,yang
邪毒亢盛,yang
邪气实也,yang
邪气逆结所致,yang
邪热乘虚客于胸中,yang
邪热循经上蒸,yang
邪热灼血,yang
郁痰。《症因脉治》卷二：“顽痰,yang
郁积于经脉或器官之内呈凝滞状态,yang
郁结不能渗泄故也。”,yang
郁闷不乐等情况均能偶然引起该病的发生,yang
里急后重为临床特征。主要病因是外感时邪疫毒,yang
重者可发生内陷。类似于西医学化脓性腮腺炎。,yang
重者痛如刀割。尿痛常见于尿道炎,yang
铅中毒等也均会引起脸色苍白。面色苍白需查找原发疾病,yang
闭塞心窍,yang
闭塞清阳所致眩晕。见《医学正传·眩运》。《杂病源流犀烛·头痛源流》：“风痰闭壅眩晕,yang
闭眼,yang
闭经,yang
闭阻经络,yang
阳气不足,yang
阳气不足则早凉,yang
阳气被阻,yang
阳热不足的病理现象。阳气有温暖肢体,yang
阳热内盛,yang
阳痿,yang
阳痿多因命门火衰或心脾受损或恐惧伤肾所致。,yang
阳虚四种类型,yang
阳虚弱的类型,yang
阳虚（yang deficiency）,yang
阴不足则先热后寒。”其病机是邪入半表半里,yang
阴津亏虚则夜热。,yang
阴茎和趾间的裂隙。皮肤的任何炎症,yang
阴虚火旺,yang
阴虚阳亢所致。古代文献中,yang
阴道炎,yang
阴阳亏虚,yang
阴阳失调,yang
阴阳相胜也。阳不足则先寒后热,yang
阴阳衰竭及其他强烈刺激等,yang
阻滞或经异常通道传导,yang
阻隔于食管所致。以进食哽噎不顺或食不得入,yang
降火豁痰以治其标。同时,yang
降逆,yang
除非局部晚期乳腺癌或炎性乳腺癌。乳房疼痛多来自非肿瘤性的乳房良性疾病。可以说乳房疼痛与乳房疾病的良恶性及疾病严重程度不成正比。,yang
随即发热,yang
需积极治疗定期检查,yang
需要助产或剖宫产结束分娩的情况。临床上的表现是分娩过程缓慢,yang
震颤为主要症状。大剂量汞蒸气吸入或汞化合物摄入即发生急性汞中毒。对汞过敏者,yang
霉菌性阴道炎,yang
面神经炎俗称面神经麻痹（即面神经瘫痪）,yang
面积,yang
面色萎黄,yang
面黄发枯,yang
面黄肌瘦,yang
鞘膜腔积液。,yang
顽痰。”详见郁痰,yang
颏部等都有结节,yang
颜色深黄（甚至带有红色）。,yang
风和热相结合的病邪,yang
风毒窜络,yang
风湿热,yang
风热,yang
风热感冒(common cold with wind-heat syndrome)是风热之邪犯表,yang
风热感冒是感受风热之邪所致的表证。,yang
风阳扰动,yang
食内阻,yang
食欲亢进及食欲反常三种,yang
食滞,yang
食积,yang
食积内阻所致者。《䱐溪陆氏医述·病症辨异》：“少气者,yang
饮食停滞一般指消化不良,yang
饮食积滞证,yang
骨关节炎及肥大性关节炎等。,yang
骨折是指骨结构的连续性完全或部分断裂。多见于儿童及老年人,yang
髓之所养也。又手足阳明之支脉入于齿,yang
高热39.1～40℃,yang
高热不退是指体温超过39.1℃。高热分为急性高热和长期高热,yang
高热惊厥是指小儿在呼吸道感染或其他感染性疾病早期,yang
鳞屑损害为主要表现的慢性复发性炎症性皮肤病。,yang
黄疸是常见症状与体征,yang
黄连解毒汤等等加减治疗。,yang
黑色的为热毒极重。类於暴发型流行性脑脊髓膜炎,yang
鼻塞黄涕,yang
鼻窦炎,yang
鼻部干燥,yang
齿龈炎,yang
